2025-02-24 15:51:51,907 [INFO] Bot script started.
2025-02-24 15:51:51,909 [INFO] Starting bot with enhanced error handling...
2025-02-24 15:51:51,910 [INFO] logging in using static token
2025-02-24 15:51:55,899 [INFO] Setting up bot hooks...
2025-02-24 15:51:56,761 [INFO] Bot hooks setup complete
2025-02-24 15:51:59,898 [INFO] Shard ID None has connected to Gateway (Session ID: 577c11ee6b7a6bda69d80124e05f1491).
2025-02-24 15:52:01,909 [INFO] Bot is ready! Logged in as Dsod's Music Bot
2025-02-24 15:52:01,910 [INFO] 
Currently registered commands:
2025-02-24 15:52:01,910 [INFO] - /play
2025-02-24 15:52:01,911 [INFO] - /queue
2025-02-24 15:52:01,911 [INFO] - /pause
2025-02-24 15:52:01,912 [INFO] - /skip
2025-02-24 15:52:01,918 [INFO] - /stop
2025-02-24 15:52:01,918 [INFO] - /help
2025-02-24 15:52:01,919 [INFO] - /skipqueue
2025-02-24 15:52:01,919 [INFO] 
Invite the bot using this link to ensure proper permissions:
2025-02-24 15:52:01,920 [INFO] https://discord.com/oauth2/authorize?client_id=1340103701980774511&scope=bot+applications.commands&permissions=2184285248
2025-02-24 15:52:01,920 [INFO] 
Starting global command sync...
2025-02-24 15:52:02,903 [INFO] Found 7 existing global commands
2025-02-24 15:52:03,931 [INFO] Successfully synced 7 commands globally:
2025-02-24 15:52:03,931 [INFO] - /play: Play music from YouTube URL, Spotify URL (tracks, playlists, albums), or search query
2025-02-24 15:52:03,932 [INFO] - /queue: Display the current queue
2025-02-24 15:52:03,932 [INFO] - /pause: Pause or resume the current song
2025-02-24 15:52:03,932 [INFO] - /skip: Skip the current song and play the next one
2025-02-24 15:52:03,933 [INFO] - /stop: Stop playback and clear the queue
2025-02-24 15:52:03,933 [INFO] - /help: Show all available commands and their descriptions
2025-02-24 15:52:03,934 [INFO] - /skipqueue: Skip songs in the queue without affecting the current song
2025-02-24 15:52:08,908 [INFO] Connecting to voice...
2025-02-24 15:52:08,909 [INFO] Starting voice handshake... (connection attempt 1)
2025-02-24 15:52:09,906 [INFO] Voice handshake complete. Endpoint found: rotterdam1225.discord.media
2025-02-24 15:52:16,905 [INFO] Voice connection complete.
2025-02-24 15:52:28,947 [WARNING] Shard ID None voice heartbeat blocked for more than 10 seconds
Loop thread traceback (most recent call last):
  File "e:\Git Repos\Main Bot Files\bot.py", line 171, in <module>
    bot.run(token)
  File "C:\Users\pajic\AppData\Local\Programs\Python\Python311\Lib\site-packages\discord\client.py", line 869, in run
    asyncio.run(runner())
  File "C:\Users\pajic\AppData\Local\Programs\Python\Python311\Lib\asyncio\runners.py", line 190, in run
    return runner.run(main)
  File "C:\Users\pajic\AppData\Local\Programs\Python\Python311\Lib\asyncio\runners.py", line 118, in run
    return self._loop.run_until_complete(task)
  File "C:\Users\pajic\AppData\Local\Programs\Python\Python311\Lib\asyncio\base_events.py", line 641, in run_until_complete
    self.run_forever()
  File "C:\Users\pajic\AppData\Local\Programs\Python\Python311\Lib\asyncio\windows_events.py", line 321, in run_forever
    super().run_forever()
  File "C:\Users\pajic\AppData\Local\Programs\Python\Python311\Lib\asyncio\base_events.py", line 608, in run_forever
    self._run_once()
  File "C:\Users\pajic\AppData\Local\Programs\Python\Python311\Lib\asyncio\base_events.py", line 1936, in _run_once
    handle._run()
  File "C:\Users\pajic\AppData\Local\Programs\Python\Python311\Lib\asyncio\events.py", line 84, in _run
    self._context.run(self._callback, *self._args)
  File "C:\Users\pajic\AppData\Local\Programs\Python\Python311\Lib\site-packages\discord\client.py", line 449, in _run_event
    await coro(*args, **kwargs)
  File "C:\Users\pajic\AppData\Local\Programs\Python\Python311\Lib\site-packages\discord\ext\commands\bot.py", line 1411, in on_message
    await self.process_commands(message)
  File "C:\Users\pajic\AppData\Local\Programs\Python\Python311\Lib\site-packages\discord\ext\commands\bot.py", line 1408, in process_commands
    await self.invoke(ctx)  # type: ignore
  File "C:\Users\pajic\AppData\Local\Programs\Python\Python311\Lib\site-packages\discord\ext\commands\bot.py", line 1366, in invoke
    await ctx.command.invoke(ctx)
  File "C:\Users\pajic\AppData\Local\Programs\Python\Python311\Lib\site-packages\discord\ext\commands\core.py", line 1029, in invoke
    await injected(*ctx.args, **ctx.kwargs)  # type: ignore
  File "C:\Users\pajic\AppData\Local\Programs\Python\Python311\Lib\site-packages\discord\ext\commands\core.py", line 235, in wrapped
    ret = await coro(*args, **kwargs)
  File "e:\Git Repos\Main Bot Files\cogs\music.py", line 576, in play_command
    await self.play_impl(ctx, query)
  File "e:\Git Repos\Main Bot Files\cogs\music.py", line 614, in play_impl
    music_source = await MusicSource.create_source(query)
  File "e:\Git Repos\Main Bot Files\cogs\music.py", line 407, in create_source
    return await MusicSource._create_youtube_source(search_query, ydl_opts)
  File "e:\Git Repos\Main Bot Files\cogs\music.py", line 435, in _create_youtube_source
    info = ydl.extract_info(query, download=False)
  File "C:\Users\pajic\AppData\Local\Programs\Python\Python311\Lib\site-packages\yt_dlp\YoutubeDL.py", line 1626, in extract_info
    return self.__extract_info(url, self.get_info_extractor(key), download, extra_info, process)
  File "C:\Users\pajic\AppData\Local\Programs\Python\Python311\Lib\site-packages\yt_dlp\YoutubeDL.py", line 1637, in wrapper
    return func(self, *args, **kwargs)
  File "C:\Users\pajic\AppData\Local\Programs\Python\Python311\Lib\site-packages\yt_dlp\YoutubeDL.py", line 1793, in __extract_info
    return self.process_ie_result(ie_result, download, extra_info)
  File "C:\Users\pajic\AppData\Local\Programs\Python\Python311\Lib\site-packages\yt_dlp\YoutubeDL.py", line 1922, in process_ie_result
    return self.__process_playlist(ie_result, download)
  File "C:\Users\pajic\AppData\Local\Programs\Python\Python311\Lib\site-packages\yt_dlp\YoutubeDL.py", line 2070, in __process_playlist
    entry_result = self.__process_iterable_entry(entry, download, collections.ChainMap({
  File "C:\Users\pajic\AppData\Local\Programs\Python\Python311\Lib\site-packages\yt_dlp\YoutubeDL.py", line 1637, in wrapper
    return func(self, *args, **kwargs)
  File "C:\Users\pajic\AppData\Local\Programs\Python\Python311\Lib\site-packages\yt_dlp\YoutubeDL.py", line 2102, in __process_iterable_entry
    return self.process_ie_result(
  File "C:\Users\pajic\AppData\Local\Programs\Python\Python311\Lib\site-packages\yt_dlp\YoutubeDL.py", line 1872, in process_ie_result
    return self.extract_info(
  File "C:\Users\pajic\AppData\Local\Programs\Python\Python311\Lib\site-packages\yt_dlp\YoutubeDL.py", line 1626, in extract_info
    return self.__extract_info(url, self.get_info_extractor(key), download, extra_info, process)
  File "C:\Users\pajic\AppData\Local\Programs\Python\Python311\Lib\site-packages\yt_dlp\YoutubeDL.py", line 1637, in wrapper
    return func(self, *args, **kwargs)
  File "C:\Users\pajic\AppData\Local\Programs\Python\Python311\Lib\site-packages\yt_dlp\YoutubeDL.py", line 1772, in __extract_info
    ie_result = ie.extract(url)
  File "C:\Users\pajic\AppData\Local\Programs\Python\Python311\Lib\site-packages\yt_dlp\extractor\common.py", line 742, in extract
    ie_result = self._real_extract(url)
  File "C:\Users\pajic\AppData\Local\Programs\Python\Python311\Lib\site-packages\yt_dlp\extractor\youtube.py", line 4600, in _real_extract
    webpage, master_ytcfg, player_responses, player_url = self._download_player_responses(url, smuggled_data, video_id, webpage_url)
  File "C:\Users\pajic\AppData\Local\Programs\Python\Python311\Lib\site-packages\yt_dlp\extractor\youtube.py", line 4559, in _download_player_responses
    webpage = self._download_webpage(
  File "C:\Users\pajic\AppData\Local\Programs\Python\Python311\Lib\site-packages\yt_dlp\extractor\common.py", line 1201, in _download_webpage
    return self.__download_webpage(url_or_request, video_id, note, errnote, None, fatal, *args, **kwargs)
  File "C:\Users\pajic\AppData\Local\Programs\Python\Python311\Lib\site-packages\yt_dlp\extractor\common.py", line 1152, in download_content
    res = getattr(self, download_handle.__name__)(url_or_request, video_id, **kwargs)
  File "C:\Users\pajic\AppData\Local\Programs\Python\Python311\Lib\site-packages\yt_dlp\extractor\common.py", line 968, in _download_webpage_handle
    content = self._webpage_read_content(urlh, url_or_request, video_id, note, errnote, fatal,
  File "C:\Users\pajic\AppData\Local\Programs\Python\Python311\Lib\site-packages\yt_dlp\extractor\common.py", line 1048, in _webpage_read_content
    webpage_bytes = urlh.read()
  File "C:\Users\pajic\AppData\Local\Programs\Python\Python311\Lib\site-packages\yt_dlp\networking\_requests.py", line 143, in read
    return self.fp.read(amt, decode_content=True)
  File "C:\Users\pajic\AppData\Local\Programs\Python\Python311\Lib\site-packages\urllib3\response.py", line 955, in read
    data = self._raw_read(amt)
  File "C:\Users\pajic\AppData\Local\Programs\Python\Python311\Lib\site-packages\urllib3\response.py", line 879, in _raw_read
    data = self._fp_read(amt, read1=read1) if not fp_closed else b""
  File "C:\Users\pajic\AppData\Local\Programs\Python\Python311\Lib\site-packages\urllib3\response.py", line 862, in _fp_read
    return self._fp.read(amt) if amt is not None else self._fp.read()
  File "C:\Users\pajic\AppData\Local\Programs\Python\Python311\Lib\http\client.py", line 467, in read
    return self._read_chunked(amt)
  File "C:\Users\pajic\AppData\Local\Programs\Python\Python311\Lib\http\client.py", line 590, in _read_chunked
    chunk_left = self._get_chunk_left()
  File "C:\Users\pajic\AppData\Local\Programs\Python\Python311\Lib\http\client.py", line 573, in _get_chunk_left
    chunk_left = self._read_next_chunk_size()
  File "C:\Users\pajic\AppData\Local\Programs\Python\Python311\Lib\http\client.py", line 533, in _read_next_chunk_size
    line = self.fp.readline(_MAXLINE + 1)
  File "C:\Users\pajic\AppData\Local\Programs\Python\Python311\Lib\socket.py", line 706, in readinto
    return self._sock.recv_into(b)
  File "C:\Users\pajic\AppData\Local\Programs\Python\Python311\Lib\ssl.py", line 1314, in recv_into
    return self.read(nbytes, buffer)
  File "C:\Users\pajic\AppData\Local\Programs\Python\Python311\Lib\ssl.py", line 1166, in read
    return self._sslobj.read(len, buffer)

2025-02-24 15:52:38,978 [WARNING] Shard ID None voice heartbeat blocked for more than 20 seconds
Loop thread traceback (most recent call last):
  File "e:\Git Repos\Main Bot Files\bot.py", line 171, in <module>
    bot.run(token)
  File "C:\Users\pajic\AppData\Local\Programs\Python\Python311\Lib\site-packages\discord\client.py", line 869, in run
    asyncio.run(runner())
  File "C:\Users\pajic\AppData\Local\Programs\Python\Python311\Lib\asyncio\runners.py", line 190, in run
    return runner.run(main)
  File "C:\Users\pajic\AppData\Local\Programs\Python\Python311\Lib\asyncio\runners.py", line 118, in run
    return self._loop.run_until_complete(task)
  File "C:\Users\pajic\AppData\Local\Programs\Python\Python311\Lib\asyncio\base_events.py", line 641, in run_until_complete
    self.run_forever()
  File "C:\Users\pajic\AppData\Local\Programs\Python\Python311\Lib\asyncio\windows_events.py", line 321, in run_forever
    super().run_forever()
  File "C:\Users\pajic\AppData\Local\Programs\Python\Python311\Lib\asyncio\base_events.py", line 608, in run_forever
    self._run_once()
  File "C:\Users\pajic\AppData\Local\Programs\Python\Python311\Lib\asyncio\base_events.py", line 1936, in _run_once
    handle._run()
  File "C:\Users\pajic\AppData\Local\Programs\Python\Python311\Lib\asyncio\events.py", line 84, in _run
    self._context.run(self._callback, *self._args)
  File "C:\Users\pajic\AppData\Local\Programs\Python\Python311\Lib\site-packages\discord\client.py", line 449, in _run_event
    await coro(*args, **kwargs)
  File "C:\Users\pajic\AppData\Local\Programs\Python\Python311\Lib\site-packages\discord\ext\commands\bot.py", line 1411, in on_message
    await self.process_commands(message)
  File "C:\Users\pajic\AppData\Local\Programs\Python\Python311\Lib\site-packages\discord\ext\commands\bot.py", line 1408, in process_commands
    await self.invoke(ctx)  # type: ignore
  File "C:\Users\pajic\AppData\Local\Programs\Python\Python311\Lib\site-packages\discord\ext\commands\bot.py", line 1366, in invoke
    await ctx.command.invoke(ctx)
  File "C:\Users\pajic\AppData\Local\Programs\Python\Python311\Lib\site-packages\discord\ext\commands\core.py", line 1029, in invoke
    await injected(*ctx.args, **ctx.kwargs)  # type: ignore
  File "C:\Users\pajic\AppData\Local\Programs\Python\Python311\Lib\site-packages\discord\ext\commands\core.py", line 235, in wrapped
    ret = await coro(*args, **kwargs)
  File "e:\Git Repos\Main Bot Files\cogs\music.py", line 576, in play_command
    await self.play_impl(ctx, query)
  File "e:\Git Repos\Main Bot Files\cogs\music.py", line 614, in play_impl
    music_source = await MusicSource.create_source(query)
  File "e:\Git Repos\Main Bot Files\cogs\music.py", line 407, in create_source
    return await MusicSource._create_youtube_source(search_query, ydl_opts)
  File "e:\Git Repos\Main Bot Files\cogs\music.py", line 435, in _create_youtube_source
    info = ydl.extract_info(query, download=False)
  File "C:\Users\pajic\AppData\Local\Programs\Python\Python311\Lib\site-packages\yt_dlp\YoutubeDL.py", line 1626, in extract_info
    return self.__extract_info(url, self.get_info_extractor(key), download, extra_info, process)
  File "C:\Users\pajic\AppData\Local\Programs\Python\Python311\Lib\site-packages\yt_dlp\YoutubeDL.py", line 1637, in wrapper
    return func(self, *args, **kwargs)
  File "C:\Users\pajic\AppData\Local\Programs\Python\Python311\Lib\site-packages\yt_dlp\YoutubeDL.py", line 1793, in __extract_info
    return self.process_ie_result(ie_result, download, extra_info)
  File "C:\Users\pajic\AppData\Local\Programs\Python\Python311\Lib\site-packages\yt_dlp\YoutubeDL.py", line 1922, in process_ie_result
    return self.__process_playlist(ie_result, download)
  File "C:\Users\pajic\AppData\Local\Programs\Python\Python311\Lib\site-packages\yt_dlp\YoutubeDL.py", line 2070, in __process_playlist
    entry_result = self.__process_iterable_entry(entry, download, collections.ChainMap({
  File "C:\Users\pajic\AppData\Local\Programs\Python\Python311\Lib\site-packages\yt_dlp\YoutubeDL.py", line 1637, in wrapper
    return func(self, *args, **kwargs)
  File "C:\Users\pajic\AppData\Local\Programs\Python\Python311\Lib\site-packages\yt_dlp\YoutubeDL.py", line 2102, in __process_iterable_entry
    return self.process_ie_result(
  File "C:\Users\pajic\AppData\Local\Programs\Python\Python311\Lib\site-packages\yt_dlp\YoutubeDL.py", line 1872, in process_ie_result
    return self.extract_info(
  File "C:\Users\pajic\AppData\Local\Programs\Python\Python311\Lib\site-packages\yt_dlp\YoutubeDL.py", line 1626, in extract_info
    return self.__extract_info(url, self.get_info_extractor(key), download, extra_info, process)
  File "C:\Users\pajic\AppData\Local\Programs\Python\Python311\Lib\site-packages\yt_dlp\YoutubeDL.py", line 1637, in wrapper
    return func(self, *args, **kwargs)
  File "C:\Users\pajic\AppData\Local\Programs\Python\Python311\Lib\site-packages\yt_dlp\YoutubeDL.py", line 1772, in __extract_info
    ie_result = ie.extract(url)
  File "C:\Users\pajic\AppData\Local\Programs\Python\Python311\Lib\site-packages\yt_dlp\extractor\common.py", line 742, in extract
    ie_result = self._real_extract(url)
  File "C:\Users\pajic\AppData\Local\Programs\Python\Python311\Lib\site-packages\yt_dlp\extractor\youtube.py", line 4600, in _real_extract
    webpage, master_ytcfg, player_responses, player_url = self._download_player_responses(url, smuggled_data, video_id, webpage_url)
  File "C:\Users\pajic\AppData\Local\Programs\Python\Python311\Lib\site-packages\yt_dlp\extractor\youtube.py", line 4559, in _download_player_responses
    webpage = self._download_webpage(
  File "C:\Users\pajic\AppData\Local\Programs\Python\Python311\Lib\site-packages\yt_dlp\extractor\common.py", line 1201, in _download_webpage
    return self.__download_webpage(url_or_request, video_id, note, errnote, None, fatal, *args, **kwargs)
  File "C:\Users\pajic\AppData\Local\Programs\Python\Python311\Lib\site-packages\yt_dlp\extractor\common.py", line 1152, in download_content
    res = getattr(self, download_handle.__name__)(url_or_request, video_id, **kwargs)
  File "C:\Users\pajic\AppData\Local\Programs\Python\Python311\Lib\site-packages\yt_dlp\extractor\common.py", line 968, in _download_webpage_handle
    content = self._webpage_read_content(urlh, url_or_request, video_id, note, errnote, fatal,
  File "C:\Users\pajic\AppData\Local\Programs\Python\Python311\Lib\site-packages\yt_dlp\extractor\common.py", line 1048, in _webpage_read_content
    webpage_bytes = urlh.read()
  File "C:\Users\pajic\AppData\Local\Programs\Python\Python311\Lib\site-packages\yt_dlp\networking\_requests.py", line 143, in read
    return self.fp.read(amt, decode_content=True)
  File "C:\Users\pajic\AppData\Local\Programs\Python\Python311\Lib\site-packages\urllib3\response.py", line 955, in read
    data = self._raw_read(amt)
  File "C:\Users\pajic\AppData\Local\Programs\Python\Python311\Lib\site-packages\urllib3\response.py", line 879, in _raw_read
    data = self._fp_read(amt, read1=read1) if not fp_closed else b""
  File "C:\Users\pajic\AppData\Local\Programs\Python\Python311\Lib\site-packages\urllib3\response.py", line 862, in _fp_read
    return self._fp.read(amt) if amt is not None else self._fp.read()
  File "C:\Users\pajic\AppData\Local\Programs\Python\Python311\Lib\http\client.py", line 467, in read
    return self._read_chunked(amt)
  File "C:\Users\pajic\AppData\Local\Programs\Python\Python311\Lib\http\client.py", line 599, in _read_chunked
    value.append(self._safe_read(chunk_left))
  File "C:\Users\pajic\AppData\Local\Programs\Python\Python311\Lib\http\client.py", line 638, in _safe_read
    data = self.fp.read(amt)
  File "C:\Users\pajic\AppData\Local\Programs\Python\Python311\Lib\socket.py", line 706, in readinto
    return self._sock.recv_into(b)
  File "C:\Users\pajic\AppData\Local\Programs\Python\Python311\Lib\ssl.py", line 1314, in recv_into
    return self.read(nbytes, buffer)
  File "C:\Users\pajic\AppData\Local\Programs\Python\Python311\Lib\ssl.py", line 1166, in read
    return self._sslobj.read(len, buffer)

2025-02-24 15:52:49,002 [WARNING] Shard ID None voice heartbeat blocked for more than 30 seconds
Loop thread traceback (most recent call last):
  File "e:\Git Repos\Main Bot Files\bot.py", line 171, in <module>
    bot.run(token)
  File "C:\Users\pajic\AppData\Local\Programs\Python\Python311\Lib\site-packages\discord\client.py", line 869, in run
    asyncio.run(runner())
  File "C:\Users\pajic\AppData\Local\Programs\Python\Python311\Lib\asyncio\runners.py", line 190, in run
    return runner.run(main)
  File "C:\Users\pajic\AppData\Local\Programs\Python\Python311\Lib\asyncio\runners.py", line 118, in run
    return self._loop.run_until_complete(task)
  File "C:\Users\pajic\AppData\Local\Programs\Python\Python311\Lib\asyncio\base_events.py", line 641, in run_until_complete
    self.run_forever()
  File "C:\Users\pajic\AppData\Local\Programs\Python\Python311\Lib\asyncio\windows_events.py", line 321, in run_forever
    super().run_forever()
  File "C:\Users\pajic\AppData\Local\Programs\Python\Python311\Lib\asyncio\base_events.py", line 608, in run_forever
    self._run_once()
  File "C:\Users\pajic\AppData\Local\Programs\Python\Python311\Lib\asyncio\base_events.py", line 1936, in _run_once
    handle._run()
  File "C:\Users\pajic\AppData\Local\Programs\Python\Python311\Lib\asyncio\events.py", line 84, in _run
    self._context.run(self._callback, *self._args)
  File "C:\Users\pajic\AppData\Local\Programs\Python\Python311\Lib\site-packages\discord\client.py", line 449, in _run_event
    await coro(*args, **kwargs)
  File "C:\Users\pajic\AppData\Local\Programs\Python\Python311\Lib\site-packages\discord\ext\commands\bot.py", line 1411, in on_message
    await self.process_commands(message)
  File "C:\Users\pajic\AppData\Local\Programs\Python\Python311\Lib\site-packages\discord\ext\commands\bot.py", line 1408, in process_commands
    await self.invoke(ctx)  # type: ignore
  File "C:\Users\pajic\AppData\Local\Programs\Python\Python311\Lib\site-packages\discord\ext\commands\bot.py", line 1366, in invoke
    await ctx.command.invoke(ctx)
  File "C:\Users\pajic\AppData\Local\Programs\Python\Python311\Lib\site-packages\discord\ext\commands\core.py", line 1029, in invoke
    await injected(*ctx.args, **ctx.kwargs)  # type: ignore
  File "C:\Users\pajic\AppData\Local\Programs\Python\Python311\Lib\site-packages\discord\ext\commands\core.py", line 235, in wrapped
    ret = await coro(*args, **kwargs)
  File "e:\Git Repos\Main Bot Files\cogs\music.py", line 576, in play_command
    await self.play_impl(ctx, query)
  File "e:\Git Repos\Main Bot Files\cogs\music.py", line 614, in play_impl
    music_source = await MusicSource.create_source(query)
  File "e:\Git Repos\Main Bot Files\cogs\music.py", line 407, in create_source
    return await MusicSource._create_youtube_source(search_query, ydl_opts)
  File "e:\Git Repos\Main Bot Files\cogs\music.py", line 435, in _create_youtube_source
    info = ydl.extract_info(query, download=False)
  File "C:\Users\pajic\AppData\Local\Programs\Python\Python311\Lib\site-packages\yt_dlp\YoutubeDL.py", line 1626, in extract_info
    return self.__extract_info(url, self.get_info_extractor(key), download, extra_info, process)
  File "C:\Users\pajic\AppData\Local\Programs\Python\Python311\Lib\site-packages\yt_dlp\YoutubeDL.py", line 1637, in wrapper
    return func(self, *args, **kwargs)
  File "C:\Users\pajic\AppData\Local\Programs\Python\Python311\Lib\site-packages\yt_dlp\YoutubeDL.py", line 1793, in __extract_info
    return self.process_ie_result(ie_result, download, extra_info)
  File "C:\Users\pajic\AppData\Local\Programs\Python\Python311\Lib\site-packages\yt_dlp\YoutubeDL.py", line 1922, in process_ie_result
    return self.__process_playlist(ie_result, download)
  File "C:\Users\pajic\AppData\Local\Programs\Python\Python311\Lib\site-packages\yt_dlp\YoutubeDL.py", line 2070, in __process_playlist
    entry_result = self.__process_iterable_entry(entry, download, collections.ChainMap({
  File "C:\Users\pajic\AppData\Local\Programs\Python\Python311\Lib\site-packages\yt_dlp\YoutubeDL.py", line 1637, in wrapper
    return func(self, *args, **kwargs)
  File "C:\Users\pajic\AppData\Local\Programs\Python\Python311\Lib\site-packages\yt_dlp\YoutubeDL.py", line 2102, in __process_iterable_entry
    return self.process_ie_result(
  File "C:\Users\pajic\AppData\Local\Programs\Python\Python311\Lib\site-packages\yt_dlp\YoutubeDL.py", line 1872, in process_ie_result
    return self.extract_info(
  File "C:\Users\pajic\AppData\Local\Programs\Python\Python311\Lib\site-packages\yt_dlp\YoutubeDL.py", line 1626, in extract_info
    return self.__extract_info(url, self.get_info_extractor(key), download, extra_info, process)
  File "C:\Users\pajic\AppData\Local\Programs\Python\Python311\Lib\site-packages\yt_dlp\YoutubeDL.py", line 1637, in wrapper
    return func(self, *args, **kwargs)
  File "C:\Users\pajic\AppData\Local\Programs\Python\Python311\Lib\site-packages\yt_dlp\YoutubeDL.py", line 1772, in __extract_info
    ie_result = ie.extract(url)
  File "C:\Users\pajic\AppData\Local\Programs\Python\Python311\Lib\site-packages\yt_dlp\extractor\common.py", line 742, in extract
    ie_result = self._real_extract(url)
  File "C:\Users\pajic\AppData\Local\Programs\Python\Python311\Lib\site-packages\yt_dlp\extractor\youtube.py", line 4600, in _real_extract
    webpage, master_ytcfg, player_responses, player_url = self._download_player_responses(url, smuggled_data, video_id, webpage_url)
  File "C:\Users\pajic\AppData\Local\Programs\Python\Python311\Lib\site-packages\yt_dlp\extractor\youtube.py", line 4564, in _download_player_responses
    player_responses, player_url = self._extract_player_responses(
  File "C:\Users\pajic\AppData\Local\Programs\Python\Python311\Lib\site-packages\yt_dlp\extractor\youtube.py", line 4091, in _extract_player_responses
    player_ytcfg = self._download_ytcfg(client, video_id) or player_ytcfg
  File "C:\Users\pajic\AppData\Local\Programs\Python\Python311\Lib\site-packages\yt_dlp\extractor\youtube.py", line 869, in _download_ytcfg
    webpage = self._download_webpage(
  File "C:\Users\pajic\AppData\Local\Programs\Python\Python311\Lib\site-packages\yt_dlp\extractor\common.py", line 1201, in _download_webpage
    return self.__download_webpage(url_or_request, video_id, note, errnote, None, fatal, *args, **kwargs)
  File "C:\Users\pajic\AppData\Local\Programs\Python\Python311\Lib\site-packages\yt_dlp\extractor\common.py", line 1152, in download_content
    res = getattr(self, download_handle.__name__)(url_or_request, video_id, **kwargs)
  File "C:\Users\pajic\AppData\Local\Programs\Python\Python311\Lib\site-packages\yt_dlp\extractor\common.py", line 968, in _download_webpage_handle
    content = self._webpage_read_content(urlh, url_or_request, video_id, note, errnote, fatal,
  File "C:\Users\pajic\AppData\Local\Programs\Python\Python311\Lib\site-packages\yt_dlp\extractor\common.py", line 1048, in _webpage_read_content
    webpage_bytes = urlh.read()
  File "C:\Users\pajic\AppData\Local\Programs\Python\Python311\Lib\site-packages\yt_dlp\networking\_requests.py", line 143, in read
    return self.fp.read(amt, decode_content=True)
  File "C:\Users\pajic\AppData\Local\Programs\Python\Python311\Lib\site-packages\urllib3\response.py", line 955, in read
    data = self._raw_read(amt)
  File "C:\Users\pajic\AppData\Local\Programs\Python\Python311\Lib\site-packages\urllib3\response.py", line 879, in _raw_read
    data = self._fp_read(amt, read1=read1) if not fp_closed else b""
  File "C:\Users\pajic\AppData\Local\Programs\Python\Python311\Lib\site-packages\urllib3\response.py", line 862, in _fp_read
    return self._fp.read(amt) if amt is not None else self._fp.read()
  File "C:\Users\pajic\AppData\Local\Programs\Python\Python311\Lib\http\client.py", line 467, in read
    return self._read_chunked(amt)
  File "C:\Users\pajic\AppData\Local\Programs\Python\Python311\Lib\http\client.py", line 590, in _read_chunked
    chunk_left = self._get_chunk_left()
  File "C:\Users\pajic\AppData\Local\Programs\Python\Python311\Lib\http\client.py", line 573, in _get_chunk_left
    chunk_left = self._read_next_chunk_size()
  File "C:\Users\pajic\AppData\Local\Programs\Python\Python311\Lib\http\client.py", line 533, in _read_next_chunk_size
    line = self.fp.readline(_MAXLINE + 1)
  File "C:\Users\pajic\AppData\Local\Programs\Python\Python311\Lib\socket.py", line 706, in readinto
    return self._sock.recv_into(b)
  File "C:\Users\pajic\AppData\Local\Programs\Python\Python311\Lib\ssl.py", line 1314, in recv_into
    return self.read(nbytes, buffer)
  File "C:\Users\pajic\AppData\Local\Programs\Python\Python311\Lib\ssl.py", line 1166, in read
    return self._sslobj.read(len, buffer)

2025-02-24 15:52:50,173 [WARNING] Shard ID None heartbeat blocked for more than 10 seconds.
Loop thread traceback (most recent call last):
  File "e:\Git Repos\Main Bot Files\bot.py", line 171, in <module>
    bot.run(token)
  File "C:\Users\pajic\AppData\Local\Programs\Python\Python311\Lib\site-packages\discord\client.py", line 869, in run
    asyncio.run(runner())
  File "C:\Users\pajic\AppData\Local\Programs\Python\Python311\Lib\asyncio\runners.py", line 190, in run
    return runner.run(main)
  File "C:\Users\pajic\AppData\Local\Programs\Python\Python311\Lib\asyncio\runners.py", line 118, in run
    return self._loop.run_until_complete(task)
  File "C:\Users\pajic\AppData\Local\Programs\Python\Python311\Lib\asyncio\base_events.py", line 641, in run_until_complete
    self.run_forever()
  File "C:\Users\pajic\AppData\Local\Programs\Python\Python311\Lib\asyncio\windows_events.py", line 321, in run_forever
    super().run_forever()
  File "C:\Users\pajic\AppData\Local\Programs\Python\Python311\Lib\asyncio\base_events.py", line 608, in run_forever
    self._run_once()
  File "C:\Users\pajic\AppData\Local\Programs\Python\Python311\Lib\asyncio\base_events.py", line 1936, in _run_once
    handle._run()
  File "C:\Users\pajic\AppData\Local\Programs\Python\Python311\Lib\asyncio\events.py", line 84, in _run
    self._context.run(self._callback, *self._args)
  File "C:\Users\pajic\AppData\Local\Programs\Python\Python311\Lib\site-packages\discord\client.py", line 449, in _run_event
    await coro(*args, **kwargs)
  File "C:\Users\pajic\AppData\Local\Programs\Python\Python311\Lib\site-packages\discord\ext\commands\bot.py", line 1411, in on_message
    await self.process_commands(message)
  File "C:\Users\pajic\AppData\Local\Programs\Python\Python311\Lib\site-packages\discord\ext\commands\bot.py", line 1408, in process_commands
    await self.invoke(ctx)  # type: ignore
  File "C:\Users\pajic\AppData\Local\Programs\Python\Python311\Lib\site-packages\discord\ext\commands\bot.py", line 1366, in invoke
    await ctx.command.invoke(ctx)
  File "C:\Users\pajic\AppData\Local\Programs\Python\Python311\Lib\site-packages\discord\ext\commands\core.py", line 1029, in invoke
    await injected(*ctx.args, **ctx.kwargs)  # type: ignore
  File "C:\Users\pajic\AppData\Local\Programs\Python\Python311\Lib\site-packages\discord\ext\commands\core.py", line 235, in wrapped
    ret = await coro(*args, **kwargs)
  File "e:\Git Repos\Main Bot Files\cogs\music.py", line 576, in play_command
    await self.play_impl(ctx, query)
  File "e:\Git Repos\Main Bot Files\cogs\music.py", line 614, in play_impl
    music_source = await MusicSource.create_source(query)
  File "e:\Git Repos\Main Bot Files\cogs\music.py", line 407, in create_source
    return await MusicSource._create_youtube_source(search_query, ydl_opts)
  File "e:\Git Repos\Main Bot Files\cogs\music.py", line 435, in _create_youtube_source
    info = ydl.extract_info(query, download=False)
  File "C:\Users\pajic\AppData\Local\Programs\Python\Python311\Lib\site-packages\yt_dlp\YoutubeDL.py", line 1626, in extract_info
    return self.__extract_info(url, self.get_info_extractor(key), download, extra_info, process)
  File "C:\Users\pajic\AppData\Local\Programs\Python\Python311\Lib\site-packages\yt_dlp\YoutubeDL.py", line 1637, in wrapper
    return func(self, *args, **kwargs)
  File "C:\Users\pajic\AppData\Local\Programs\Python\Python311\Lib\site-packages\yt_dlp\YoutubeDL.py", line 1793, in __extract_info
    return self.process_ie_result(ie_result, download, extra_info)
  File "C:\Users\pajic\AppData\Local\Programs\Python\Python311\Lib\site-packages\yt_dlp\YoutubeDL.py", line 1922, in process_ie_result
    return self.__process_playlist(ie_result, download)
  File "C:\Users\pajic\AppData\Local\Programs\Python\Python311\Lib\site-packages\yt_dlp\YoutubeDL.py", line 2070, in __process_playlist
    entry_result = self.__process_iterable_entry(entry, download, collections.ChainMap({
  File "C:\Users\pajic\AppData\Local\Programs\Python\Python311\Lib\site-packages\yt_dlp\YoutubeDL.py", line 1637, in wrapper
    return func(self, *args, **kwargs)
  File "C:\Users\pajic\AppData\Local\Programs\Python\Python311\Lib\site-packages\yt_dlp\YoutubeDL.py", line 2102, in __process_iterable_entry
    return self.process_ie_result(
  File "C:\Users\pajic\AppData\Local\Programs\Python\Python311\Lib\site-packages\yt_dlp\YoutubeDL.py", line 1872, in process_ie_result
    return self.extract_info(
  File "C:\Users\pajic\AppData\Local\Programs\Python\Python311\Lib\site-packages\yt_dlp\YoutubeDL.py", line 1626, in extract_info
    return self.__extract_info(url, self.get_info_extractor(key), download, extra_info, process)
  File "C:\Users\pajic\AppData\Local\Programs\Python\Python311\Lib\site-packages\yt_dlp\YoutubeDL.py", line 1637, in wrapper
    return func(self, *args, **kwargs)
  File "C:\Users\pajic\AppData\Local\Programs\Python\Python311\Lib\site-packages\yt_dlp\YoutubeDL.py", line 1772, in __extract_info
    ie_result = ie.extract(url)
  File "C:\Users\pajic\AppData\Local\Programs\Python\Python311\Lib\site-packages\yt_dlp\extractor\common.py", line 742, in extract
    ie_result = self._real_extract(url)
  File "C:\Users\pajic\AppData\Local\Programs\Python\Python311\Lib\site-packages\yt_dlp\extractor\youtube.py", line 4600, in _real_extract
    webpage, master_ytcfg, player_responses, player_url = self._download_player_responses(url, smuggled_data, video_id, webpage_url)
  File "C:\Users\pajic\AppData\Local\Programs\Python\Python311\Lib\site-packages\yt_dlp\extractor\youtube.py", line 4564, in _download_player_responses
    player_responses, player_url = self._extract_player_responses(
  File "C:\Users\pajic\AppData\Local\Programs\Python\Python311\Lib\site-packages\yt_dlp\extractor\youtube.py", line 4091, in _extract_player_responses
    player_ytcfg = self._download_ytcfg(client, video_id) or player_ytcfg
  File "C:\Users\pajic\AppData\Local\Programs\Python\Python311\Lib\site-packages\yt_dlp\extractor\youtube.py", line 869, in _download_ytcfg
    webpage = self._download_webpage(
  File "C:\Users\pajic\AppData\Local\Programs\Python\Python311\Lib\site-packages\yt_dlp\extractor\common.py", line 1201, in _download_webpage
    return self.__download_webpage(url_or_request, video_id, note, errnote, None, fatal, *args, **kwargs)
  File "C:\Users\pajic\AppData\Local\Programs\Python\Python311\Lib\site-packages\yt_dlp\extractor\common.py", line 1152, in download_content
    res = getattr(self, download_handle.__name__)(url_or_request, video_id, **kwargs)
  File "C:\Users\pajic\AppData\Local\Programs\Python\Python311\Lib\site-packages\yt_dlp\extractor\common.py", line 968, in _download_webpage_handle
    content = self._webpage_read_content(urlh, url_or_request, video_id, note, errnote, fatal,
  File "C:\Users\pajic\AppData\Local\Programs\Python\Python311\Lib\site-packages\yt_dlp\extractor\common.py", line 1048, in _webpage_read_content
    webpage_bytes = urlh.read()
  File "C:\Users\pajic\AppData\Local\Programs\Python\Python311\Lib\site-packages\yt_dlp\networking\_requests.py", line 143, in read
    return self.fp.read(amt, decode_content=True)
  File "C:\Users\pajic\AppData\Local\Programs\Python\Python311\Lib\site-packages\urllib3\response.py", line 955, in read
    data = self._raw_read(amt)
  File "C:\Users\pajic\AppData\Local\Programs\Python\Python311\Lib\site-packages\urllib3\response.py", line 879, in _raw_read
    data = self._fp_read(amt, read1=read1) if not fp_closed else b""
  File "C:\Users\pajic\AppData\Local\Programs\Python\Python311\Lib\site-packages\urllib3\response.py", line 862, in _fp_read
    return self._fp.read(amt) if amt is not None else self._fp.read()
  File "C:\Users\pajic\AppData\Local\Programs\Python\Python311\Lib\http\client.py", line 467, in read
    return self._read_chunked(amt)
  File "C:\Users\pajic\AppData\Local\Programs\Python\Python311\Lib\http\client.py", line 599, in _read_chunked
    value.append(self._safe_read(chunk_left))
  File "C:\Users\pajic\AppData\Local\Programs\Python\Python311\Lib\http\client.py", line 638, in _safe_read
    data = self.fp.read(amt)
  File "C:\Users\pajic\AppData\Local\Programs\Python\Python311\Lib\socket.py", line 706, in readinto
    return self._sock.recv_into(b)
  File "C:\Users\pajic\AppData\Local\Programs\Python\Python311\Lib\ssl.py", line 1314, in recv_into
    return self.read(nbytes, buffer)
  File "C:\Users\pajic\AppData\Local\Programs\Python\Python311\Lib\ssl.py", line 1166, in read
    return self._sslobj.read(len, buffer)

2025-02-24 15:52:59,044 [WARNING] Shard ID None voice heartbeat blocked for more than 40 seconds
Loop thread traceback (most recent call last):
  File "e:\Git Repos\Main Bot Files\bot.py", line 171, in <module>
    bot.run(token)
  File "C:\Users\pajic\AppData\Local\Programs\Python\Python311\Lib\site-packages\discord\client.py", line 869, in run
    asyncio.run(runner())
  File "C:\Users\pajic\AppData\Local\Programs\Python\Python311\Lib\asyncio\runners.py", line 190, in run
    return runner.run(main)
  File "C:\Users\pajic\AppData\Local\Programs\Python\Python311\Lib\asyncio\runners.py", line 118, in run
    return self._loop.run_until_complete(task)
  File "C:\Users\pajic\AppData\Local\Programs\Python\Python311\Lib\asyncio\base_events.py", line 641, in run_until_complete
    self.run_forever()
  File "C:\Users\pajic\AppData\Local\Programs\Python\Python311\Lib\asyncio\windows_events.py", line 321, in run_forever
    super().run_forever()
  File "C:\Users\pajic\AppData\Local\Programs\Python\Python311\Lib\asyncio\base_events.py", line 608, in run_forever
    self._run_once()
  File "C:\Users\pajic\AppData\Local\Programs\Python\Python311\Lib\asyncio\base_events.py", line 1936, in _run_once
    handle._run()
  File "C:\Users\pajic\AppData\Local\Programs\Python\Python311\Lib\asyncio\events.py", line 84, in _run
    self._context.run(self._callback, *self._args)
  File "C:\Users\pajic\AppData\Local\Programs\Python\Python311\Lib\site-packages\discord\client.py", line 449, in _run_event
    await coro(*args, **kwargs)
  File "C:\Users\pajic\AppData\Local\Programs\Python\Python311\Lib\site-packages\discord\ext\commands\bot.py", line 1411, in on_message
    await self.process_commands(message)
  File "C:\Users\pajic\AppData\Local\Programs\Python\Python311\Lib\site-packages\discord\ext\commands\bot.py", line 1408, in process_commands
    await self.invoke(ctx)  # type: ignore
  File "C:\Users\pajic\AppData\Local\Programs\Python\Python311\Lib\site-packages\discord\ext\commands\bot.py", line 1366, in invoke
    await ctx.command.invoke(ctx)
  File "C:\Users\pajic\AppData\Local\Programs\Python\Python311\Lib\site-packages\discord\ext\commands\core.py", line 1029, in invoke
    await injected(*ctx.args, **ctx.kwargs)  # type: ignore
  File "C:\Users\pajic\AppData\Local\Programs\Python\Python311\Lib\site-packages\discord\ext\commands\core.py", line 235, in wrapped
    ret = await coro(*args, **kwargs)
  File "e:\Git Repos\Main Bot Files\cogs\music.py", line 576, in play_command
    await self.play_impl(ctx, query)
  File "e:\Git Repos\Main Bot Files\cogs\music.py", line 614, in play_impl
    music_source = await MusicSource.create_source(query)
  File "e:\Git Repos\Main Bot Files\cogs\music.py", line 407, in create_source
    return await MusicSource._create_youtube_source(search_query, ydl_opts)
  File "e:\Git Repos\Main Bot Files\cogs\music.py", line 435, in _create_youtube_source
    info = ydl.extract_info(query, download=False)
  File "C:\Users\pajic\AppData\Local\Programs\Python\Python311\Lib\site-packages\yt_dlp\YoutubeDL.py", line 1626, in extract_info
    return self.__extract_info(url, self.get_info_extractor(key), download, extra_info, process)
  File "C:\Users\pajic\AppData\Local\Programs\Python\Python311\Lib\site-packages\yt_dlp\YoutubeDL.py", line 1637, in wrapper
    return func(self, *args, **kwargs)
  File "C:\Users\pajic\AppData\Local\Programs\Python\Python311\Lib\site-packages\yt_dlp\YoutubeDL.py", line 1793, in __extract_info
    return self.process_ie_result(ie_result, download, extra_info)
  File "C:\Users\pajic\AppData\Local\Programs\Python\Python311\Lib\site-packages\yt_dlp\YoutubeDL.py", line 1922, in process_ie_result
    return self.__process_playlist(ie_result, download)
  File "C:\Users\pajic\AppData\Local\Programs\Python\Python311\Lib\site-packages\yt_dlp\YoutubeDL.py", line 2070, in __process_playlist
    entry_result = self.__process_iterable_entry(entry, download, collections.ChainMap({
  File "C:\Users\pajic\AppData\Local\Programs\Python\Python311\Lib\site-packages\yt_dlp\YoutubeDL.py", line 1637, in wrapper
    return func(self, *args, **kwargs)
  File "C:\Users\pajic\AppData\Local\Programs\Python\Python311\Lib\site-packages\yt_dlp\YoutubeDL.py", line 2102, in __process_iterable_entry
    return self.process_ie_result(
  File "C:\Users\pajic\AppData\Local\Programs\Python\Python311\Lib\site-packages\yt_dlp\YoutubeDL.py", line 1872, in process_ie_result
    return self.extract_info(
  File "C:\Users\pajic\AppData\Local\Programs\Python\Python311\Lib\site-packages\yt_dlp\YoutubeDL.py", line 1626, in extract_info
    return self.__extract_info(url, self.get_info_extractor(key), download, extra_info, process)
  File "C:\Users\pajic\AppData\Local\Programs\Python\Python311\Lib\site-packages\yt_dlp\YoutubeDL.py", line 1637, in wrapper
    return func(self, *args, **kwargs)
  File "C:\Users\pajic\AppData\Local\Programs\Python\Python311\Lib\site-packages\yt_dlp\YoutubeDL.py", line 1772, in __extract_info
    ie_result = ie.extract(url)
  File "C:\Users\pajic\AppData\Local\Programs\Python\Python311\Lib\site-packages\yt_dlp\extractor\common.py", line 742, in extract
    ie_result = self._real_extract(url)
  File "C:\Users\pajic\AppData\Local\Programs\Python\Python311\Lib\site-packages\yt_dlp\extractor\youtube.py", line 4600, in _real_extract
    webpage, master_ytcfg, player_responses, player_url = self._download_player_responses(url, smuggled_data, video_id, webpage_url)
  File "C:\Users\pajic\AppData\Local\Programs\Python\Python311\Lib\site-packages\yt_dlp\extractor\youtube.py", line 4564, in _download_player_responses
    player_responses, player_url = self._extract_player_responses(
  File "C:\Users\pajic\AppData\Local\Programs\Python\Python311\Lib\site-packages\yt_dlp\extractor\youtube.py", line 4150, in _extract_player_responses
    pr = pr or self._extract_player_response(
  File "C:\Users\pajic\AppData\Local\Programs\Python\Python311\Lib\site-packages\yt_dlp\extractor\youtube.py", line 4000, in _extract_player_response
    sts = self._extract_signature_timestamp(video_id, player_url, master_ytcfg, fatal=False) if player_url else None
  File "C:\Users\pajic\AppData\Local\Programs\Python\Python311\Lib\site-packages\yt_dlp\extractor\youtube.py", line 3421, in _extract_signature_timestamp
    code = self._load_player(video_id, player_url, fatal=fatal)
  File "C:\Users\pajic\AppData\Local\Programs\Python\Python311\Lib\site-packages\yt_dlp\extractor\youtube.py", line 3167, in _load_player
    code = self._download_webpage(
  File "C:\Users\pajic\AppData\Local\Programs\Python\Python311\Lib\site-packages\yt_dlp\extractor\common.py", line 1201, in _download_webpage
    return self.__download_webpage(url_or_request, video_id, note, errnote, None, fatal, *args, **kwargs)
  File "C:\Users\pajic\AppData\Local\Programs\Python\Python311\Lib\site-packages\yt_dlp\extractor\common.py", line 1152, in download_content
    res = getattr(self, download_handle.__name__)(url_or_request, video_id, **kwargs)
  File "C:\Users\pajic\AppData\Local\Programs\Python\Python311\Lib\site-packages\yt_dlp\extractor\common.py", line 968, in _download_webpage_handle
    content = self._webpage_read_content(urlh, url_or_request, video_id, note, errnote, fatal,
  File "C:\Users\pajic\AppData\Local\Programs\Python\Python311\Lib\site-packages\yt_dlp\extractor\common.py", line 1048, in _webpage_read_content
    webpage_bytes = urlh.read()
  File "C:\Users\pajic\AppData\Local\Programs\Python\Python311\Lib\site-packages\yt_dlp\networking\_requests.py", line 143, in read
    return self.fp.read(amt, decode_content=True)
  File "C:\Users\pajic\AppData\Local\Programs\Python\Python311\Lib\site-packages\urllib3\response.py", line 955, in read
    data = self._raw_read(amt)
  File "C:\Users\pajic\AppData\Local\Programs\Python\Python311\Lib\site-packages\urllib3\response.py", line 879, in _raw_read
    data = self._fp_read(amt, read1=read1) if not fp_closed else b""
  File "C:\Users\pajic\AppData\Local\Programs\Python\Python311\Lib\site-packages\urllib3\response.py", line 862, in _fp_read
    return self._fp.read(amt) if amt is not None else self._fp.read()
  File "C:\Users\pajic\AppData\Local\Programs\Python\Python311\Lib\http\client.py", line 489, in read
    s = self._safe_read(self.length)
  File "C:\Users\pajic\AppData\Local\Programs\Python\Python311\Lib\http\client.py", line 638, in _safe_read
    data = self.fp.read(amt)
  File "C:\Users\pajic\AppData\Local\Programs\Python\Python311\Lib\socket.py", line 706, in readinto
    return self._sock.recv_into(b)
  File "C:\Users\pajic\AppData\Local\Programs\Python\Python311\Lib\ssl.py", line 1314, in recv_into
    return self.read(nbytes, buffer)
  File "C:\Users\pajic\AppData\Local\Programs\Python\Python311\Lib\ssl.py", line 1166, in read
    return self._sslobj.read(len, buffer)

2025-02-24 15:53:00,197 [WARNING] Shard ID None heartbeat blocked for more than 20 seconds.
Loop thread traceback (most recent call last):
  File "e:\Git Repos\Main Bot Files\bot.py", line 171, in <module>
    bot.run(token)
  File "C:\Users\pajic\AppData\Local\Programs\Python\Python311\Lib\site-packages\discord\client.py", line 869, in run
    asyncio.run(runner())
  File "C:\Users\pajic\AppData\Local\Programs\Python\Python311\Lib\asyncio\runners.py", line 190, in run
    return runner.run(main)
  File "C:\Users\pajic\AppData\Local\Programs\Python\Python311\Lib\asyncio\runners.py", line 118, in run
    return self._loop.run_until_complete(task)
  File "C:\Users\pajic\AppData\Local\Programs\Python\Python311\Lib\asyncio\base_events.py", line 641, in run_until_complete
    self.run_forever()
  File "C:\Users\pajic\AppData\Local\Programs\Python\Python311\Lib\asyncio\windows_events.py", line 321, in run_forever
    super().run_forever()
  File "C:\Users\pajic\AppData\Local\Programs\Python\Python311\Lib\asyncio\base_events.py", line 608, in run_forever
    self._run_once()
  File "C:\Users\pajic\AppData\Local\Programs\Python\Python311\Lib\asyncio\base_events.py", line 1936, in _run_once
    handle._run()
  File "C:\Users\pajic\AppData\Local\Programs\Python\Python311\Lib\asyncio\events.py", line 84, in _run
    self._context.run(self._callback, *self._args)
  File "C:\Users\pajic\AppData\Local\Programs\Python\Python311\Lib\site-packages\discord\client.py", line 449, in _run_event
    await coro(*args, **kwargs)
  File "C:\Users\pajic\AppData\Local\Programs\Python\Python311\Lib\site-packages\discord\ext\commands\bot.py", line 1411, in on_message
    await self.process_commands(message)
  File "C:\Users\pajic\AppData\Local\Programs\Python\Python311\Lib\site-packages\discord\ext\commands\bot.py", line 1408, in process_commands
    await self.invoke(ctx)  # type: ignore
  File "C:\Users\pajic\AppData\Local\Programs\Python\Python311\Lib\site-packages\discord\ext\commands\bot.py", line 1366, in invoke
    await ctx.command.invoke(ctx)
  File "C:\Users\pajic\AppData\Local\Programs\Python\Python311\Lib\site-packages\discord\ext\commands\core.py", line 1029, in invoke
    await injected(*ctx.args, **ctx.kwargs)  # type: ignore
  File "C:\Users\pajic\AppData\Local\Programs\Python\Python311\Lib\site-packages\discord\ext\commands\core.py", line 235, in wrapped
    ret = await coro(*args, **kwargs)
  File "e:\Git Repos\Main Bot Files\cogs\music.py", line 576, in play_command
    await self.play_impl(ctx, query)
  File "e:\Git Repos\Main Bot Files\cogs\music.py", line 614, in play_impl
    music_source = await MusicSource.create_source(query)
  File "e:\Git Repos\Main Bot Files\cogs\music.py", line 407, in create_source
    return await MusicSource._create_youtube_source(search_query, ydl_opts)
  File "e:\Git Repos\Main Bot Files\cogs\music.py", line 435, in _create_youtube_source
    info = ydl.extract_info(query, download=False)
  File "C:\Users\pajic\AppData\Local\Programs\Python\Python311\Lib\site-packages\yt_dlp\YoutubeDL.py", line 1626, in extract_info
    return self.__extract_info(url, self.get_info_extractor(key), download, extra_info, process)
  File "C:\Users\pajic\AppData\Local\Programs\Python\Python311\Lib\site-packages\yt_dlp\YoutubeDL.py", line 1637, in wrapper
    return func(self, *args, **kwargs)
  File "C:\Users\pajic\AppData\Local\Programs\Python\Python311\Lib\site-packages\yt_dlp\YoutubeDL.py", line 1793, in __extract_info
    return self.process_ie_result(ie_result, download, extra_info)
  File "C:\Users\pajic\AppData\Local\Programs\Python\Python311\Lib\site-packages\yt_dlp\YoutubeDL.py", line 1922, in process_ie_result
    return self.__process_playlist(ie_result, download)
  File "C:\Users\pajic\AppData\Local\Programs\Python\Python311\Lib\site-packages\yt_dlp\YoutubeDL.py", line 2070, in __process_playlist
    entry_result = self.__process_iterable_entry(entry, download, collections.ChainMap({
  File "C:\Users\pajic\AppData\Local\Programs\Python\Python311\Lib\site-packages\yt_dlp\YoutubeDL.py", line 1637, in wrapper
    return func(self, *args, **kwargs)
  File "C:\Users\pajic\AppData\Local\Programs\Python\Python311\Lib\site-packages\yt_dlp\YoutubeDL.py", line 2102, in __process_iterable_entry
    return self.process_ie_result(
  File "C:\Users\pajic\AppData\Local\Programs\Python\Python311\Lib\site-packages\yt_dlp\YoutubeDL.py", line 1872, in process_ie_result
    return self.extract_info(
  File "C:\Users\pajic\AppData\Local\Programs\Python\Python311\Lib\site-packages\yt_dlp\YoutubeDL.py", line 1626, in extract_info
    return self.__extract_info(url, self.get_info_extractor(key), download, extra_info, process)
  File "C:\Users\pajic\AppData\Local\Programs\Python\Python311\Lib\site-packages\yt_dlp\YoutubeDL.py", line 1637, in wrapper
    return func(self, *args, **kwargs)
  File "C:\Users\pajic\AppData\Local\Programs\Python\Python311\Lib\site-packages\yt_dlp\YoutubeDL.py", line 1772, in __extract_info
    ie_result = ie.extract(url)
  File "C:\Users\pajic\AppData\Local\Programs\Python\Python311\Lib\site-packages\yt_dlp\extractor\common.py", line 742, in extract
    ie_result = self._real_extract(url)
  File "C:\Users\pajic\AppData\Local\Programs\Python\Python311\Lib\site-packages\yt_dlp\extractor\youtube.py", line 4600, in _real_extract
    webpage, master_ytcfg, player_responses, player_url = self._download_player_responses(url, smuggled_data, video_id, webpage_url)
  File "C:\Users\pajic\AppData\Local\Programs\Python\Python311\Lib\site-packages\yt_dlp\extractor\youtube.py", line 4564, in _download_player_responses
    player_responses, player_url = self._extract_player_responses(
  File "C:\Users\pajic\AppData\Local\Programs\Python\Python311\Lib\site-packages\yt_dlp\extractor\youtube.py", line 4150, in _extract_player_responses
    pr = pr or self._extract_player_response(
  File "C:\Users\pajic\AppData\Local\Programs\Python\Python311\Lib\site-packages\yt_dlp\extractor\youtube.py", line 4000, in _extract_player_response
    sts = self._extract_signature_timestamp(video_id, player_url, master_ytcfg, fatal=False) if player_url else None
  File "C:\Users\pajic\AppData\Local\Programs\Python\Python311\Lib\site-packages\yt_dlp\extractor\youtube.py", line 3421, in _extract_signature_timestamp
    code = self._load_player(video_id, player_url, fatal=fatal)
  File "C:\Users\pajic\AppData\Local\Programs\Python\Python311\Lib\site-packages\yt_dlp\extractor\youtube.py", line 3167, in _load_player
    code = self._download_webpage(
  File "C:\Users\pajic\AppData\Local\Programs\Python\Python311\Lib\site-packages\yt_dlp\extractor\common.py", line 1201, in _download_webpage
    return self.__download_webpage(url_or_request, video_id, note, errnote, None, fatal, *args, **kwargs)
  File "C:\Users\pajic\AppData\Local\Programs\Python\Python311\Lib\site-packages\yt_dlp\extractor\common.py", line 1152, in download_content
    res = getattr(self, download_handle.__name__)(url_or_request, video_id, **kwargs)
  File "C:\Users\pajic\AppData\Local\Programs\Python\Python311\Lib\site-packages\yt_dlp\extractor\common.py", line 968, in _download_webpage_handle
    content = self._webpage_read_content(urlh, url_or_request, video_id, note, errnote, fatal,
  File "C:\Users\pajic\AppData\Local\Programs\Python\Python311\Lib\site-packages\yt_dlp\extractor\common.py", line 1048, in _webpage_read_content
    webpage_bytes = urlh.read()
  File "C:\Users\pajic\AppData\Local\Programs\Python\Python311\Lib\site-packages\yt_dlp\networking\_requests.py", line 143, in read
    return self.fp.read(amt, decode_content=True)
  File "C:\Users\pajic\AppData\Local\Programs\Python\Python311\Lib\site-packages\urllib3\response.py", line 955, in read
    data = self._raw_read(amt)
  File "C:\Users\pajic\AppData\Local\Programs\Python\Python311\Lib\site-packages\urllib3\response.py", line 879, in _raw_read
    data = self._fp_read(amt, read1=read1) if not fp_closed else b""
  File "C:\Users\pajic\AppData\Local\Programs\Python\Python311\Lib\site-packages\urllib3\response.py", line 862, in _fp_read
    return self._fp.read(amt) if amt is not None else self._fp.read()
  File "C:\Users\pajic\AppData\Local\Programs\Python\Python311\Lib\http\client.py", line 489, in read
    s = self._safe_read(self.length)
  File "C:\Users\pajic\AppData\Local\Programs\Python\Python311\Lib\http\client.py", line 638, in _safe_read
    data = self.fp.read(amt)
  File "C:\Users\pajic\AppData\Local\Programs\Python\Python311\Lib\socket.py", line 706, in readinto
    return self._sock.recv_into(b)
  File "C:\Users\pajic\AppData\Local\Programs\Python\Python311\Lib\ssl.py", line 1314, in recv_into
    return self.read(nbytes, buffer)
  File "C:\Users\pajic\AppData\Local\Programs\Python\Python311\Lib\ssl.py", line 1166, in read
    return self._sslobj.read(len, buffer)

2025-02-24 15:53:09,076 [WARNING] Shard ID None voice heartbeat blocked for more than 50 seconds
Loop thread traceback (most recent call last):
  File "e:\Git Repos\Main Bot Files\bot.py", line 171, in <module>
    bot.run(token)
  File "C:\Users\pajic\AppData\Local\Programs\Python\Python311\Lib\site-packages\discord\client.py", line 869, in run
    asyncio.run(runner())
  File "C:\Users\pajic\AppData\Local\Programs\Python\Python311\Lib\asyncio\runners.py", line 190, in run
    return runner.run(main)
  File "C:\Users\pajic\AppData\Local\Programs\Python\Python311\Lib\asyncio\runners.py", line 118, in run
    return self._loop.run_until_complete(task)
  File "C:\Users\pajic\AppData\Local\Programs\Python\Python311\Lib\asyncio\base_events.py", line 641, in run_until_complete
    self.run_forever()
  File "C:\Users\pajic\AppData\Local\Programs\Python\Python311\Lib\asyncio\windows_events.py", line 321, in run_forever
    super().run_forever()
  File "C:\Users\pajic\AppData\Local\Programs\Python\Python311\Lib\asyncio\base_events.py", line 608, in run_forever
    self._run_once()
  File "C:\Users\pajic\AppData\Local\Programs\Python\Python311\Lib\asyncio\base_events.py", line 1936, in _run_once
    handle._run()
  File "C:\Users\pajic\AppData\Local\Programs\Python\Python311\Lib\asyncio\events.py", line 84, in _run
    self._context.run(self._callback, *self._args)
  File "C:\Users\pajic\AppData\Local\Programs\Python\Python311\Lib\site-packages\discord\client.py", line 449, in _run_event
    await coro(*args, **kwargs)
  File "C:\Users\pajic\AppData\Local\Programs\Python\Python311\Lib\site-packages\discord\ext\commands\bot.py", line 1411, in on_message
    await self.process_commands(message)
  File "C:\Users\pajic\AppData\Local\Programs\Python\Python311\Lib\site-packages\discord\ext\commands\bot.py", line 1408, in process_commands
    await self.invoke(ctx)  # type: ignore
  File "C:\Users\pajic\AppData\Local\Programs\Python\Python311\Lib\site-packages\discord\ext\commands\bot.py", line 1366, in invoke
    await ctx.command.invoke(ctx)
  File "C:\Users\pajic\AppData\Local\Programs\Python\Python311\Lib\site-packages\discord\ext\commands\core.py", line 1029, in invoke
    await injected(*ctx.args, **ctx.kwargs)  # type: ignore
  File "C:\Users\pajic\AppData\Local\Programs\Python\Python311\Lib\site-packages\discord\ext\commands\core.py", line 235, in wrapped
    ret = await coro(*args, **kwargs)
  File "e:\Git Repos\Main Bot Files\cogs\music.py", line 576, in play_command
    await self.play_impl(ctx, query)
  File "e:\Git Repos\Main Bot Files\cogs\music.py", line 614, in play_impl
    music_source = await MusicSource.create_source(query)
  File "e:\Git Repos\Main Bot Files\cogs\music.py", line 407, in create_source
    return await MusicSource._create_youtube_source(search_query, ydl_opts)
  File "e:\Git Repos\Main Bot Files\cogs\music.py", line 435, in _create_youtube_source
    info = ydl.extract_info(query, download=False)
  File "C:\Users\pajic\AppData\Local\Programs\Python\Python311\Lib\site-packages\yt_dlp\YoutubeDL.py", line 1626, in extract_info
    return self.__extract_info(url, self.get_info_extractor(key), download, extra_info, process)
  File "C:\Users\pajic\AppData\Local\Programs\Python\Python311\Lib\site-packages\yt_dlp\YoutubeDL.py", line 1637, in wrapper
    return func(self, *args, **kwargs)
  File "C:\Users\pajic\AppData\Local\Programs\Python\Python311\Lib\site-packages\yt_dlp\YoutubeDL.py", line 1793, in __extract_info
    return self.process_ie_result(ie_result, download, extra_info)
  File "C:\Users\pajic\AppData\Local\Programs\Python\Python311\Lib\site-packages\yt_dlp\YoutubeDL.py", line 1922, in process_ie_result
    return self.__process_playlist(ie_result, download)
  File "C:\Users\pajic\AppData\Local\Programs\Python\Python311\Lib\site-packages\yt_dlp\YoutubeDL.py", line 2070, in __process_playlist
    entry_result = self.__process_iterable_entry(entry, download, collections.ChainMap({
  File "C:\Users\pajic\AppData\Local\Programs\Python\Python311\Lib\site-packages\yt_dlp\YoutubeDL.py", line 1637, in wrapper
    return func(self, *args, **kwargs)
  File "C:\Users\pajic\AppData\Local\Programs\Python\Python311\Lib\site-packages\yt_dlp\YoutubeDL.py", line 2102, in __process_iterable_entry
    return self.process_ie_result(
  File "C:\Users\pajic\AppData\Local\Programs\Python\Python311\Lib\site-packages\yt_dlp\YoutubeDL.py", line 1872, in process_ie_result
    return self.extract_info(
  File "C:\Users\pajic\AppData\Local\Programs\Python\Python311\Lib\site-packages\yt_dlp\YoutubeDL.py", line 1626, in extract_info
    return self.__extract_info(url, self.get_info_extractor(key), download, extra_info, process)
  File "C:\Users\pajic\AppData\Local\Programs\Python\Python311\Lib\site-packages\yt_dlp\YoutubeDL.py", line 1637, in wrapper
    return func(self, *args, **kwargs)
  File "C:\Users\pajic\AppData\Local\Programs\Python\Python311\Lib\site-packages\yt_dlp\YoutubeDL.py", line 1772, in __extract_info
    ie_result = ie.extract(url)
  File "C:\Users\pajic\AppData\Local\Programs\Python\Python311\Lib\site-packages\yt_dlp\extractor\common.py", line 742, in extract
    ie_result = self._real_extract(url)
  File "C:\Users\pajic\AppData\Local\Programs\Python\Python311\Lib\site-packages\yt_dlp\extractor\youtube.py", line 4600, in _real_extract
    webpage, master_ytcfg, player_responses, player_url = self._download_player_responses(url, smuggled_data, video_id, webpage_url)
  File "C:\Users\pajic\AppData\Local\Programs\Python\Python311\Lib\site-packages\yt_dlp\extractor\youtube.py", line 4564, in _download_player_responses
    player_responses, player_url = self._extract_player_responses(
  File "C:\Users\pajic\AppData\Local\Programs\Python\Python311\Lib\site-packages\yt_dlp\extractor\youtube.py", line 4150, in _extract_player_responses
    pr = pr or self._extract_player_response(
  File "C:\Users\pajic\AppData\Local\Programs\Python\Python311\Lib\site-packages\yt_dlp\extractor\youtube.py", line 4000, in _extract_player_response
    sts = self._extract_signature_timestamp(video_id, player_url, master_ytcfg, fatal=False) if player_url else None
  File "C:\Users\pajic\AppData\Local\Programs\Python\Python311\Lib\site-packages\yt_dlp\extractor\youtube.py", line 3421, in _extract_signature_timestamp
    code = self._load_player(video_id, player_url, fatal=fatal)
  File "C:\Users\pajic\AppData\Local\Programs\Python\Python311\Lib\site-packages\yt_dlp\extractor\youtube.py", line 3167, in _load_player
    code = self._download_webpage(
  File "C:\Users\pajic\AppData\Local\Programs\Python\Python311\Lib\site-packages\yt_dlp\extractor\common.py", line 1201, in _download_webpage
    return self.__download_webpage(url_or_request, video_id, note, errnote, None, fatal, *args, **kwargs)
  File "C:\Users\pajic\AppData\Local\Programs\Python\Python311\Lib\site-packages\yt_dlp\extractor\common.py", line 1152, in download_content
    res = getattr(self, download_handle.__name__)(url_or_request, video_id, **kwargs)
  File "C:\Users\pajic\AppData\Local\Programs\Python\Python311\Lib\site-packages\yt_dlp\extractor\common.py", line 968, in _download_webpage_handle
    content = self._webpage_read_content(urlh, url_or_request, video_id, note, errnote, fatal,
  File "C:\Users\pajic\AppData\Local\Programs\Python\Python311\Lib\site-packages\yt_dlp\extractor\common.py", line 1048, in _webpage_read_content
    webpage_bytes = urlh.read()
  File "C:\Users\pajic\AppData\Local\Programs\Python\Python311\Lib\site-packages\yt_dlp\networking\_requests.py", line 143, in read
    return self.fp.read(amt, decode_content=True)
  File "C:\Users\pajic\AppData\Local\Programs\Python\Python311\Lib\site-packages\urllib3\response.py", line 955, in read
    data = self._raw_read(amt)
  File "C:\Users\pajic\AppData\Local\Programs\Python\Python311\Lib\site-packages\urllib3\response.py", line 879, in _raw_read
    data = self._fp_read(amt, read1=read1) if not fp_closed else b""
  File "C:\Users\pajic\AppData\Local\Programs\Python\Python311\Lib\site-packages\urllib3\response.py", line 862, in _fp_read
    return self._fp.read(amt) if amt is not None else self._fp.read()
  File "C:\Users\pajic\AppData\Local\Programs\Python\Python311\Lib\http\client.py", line 489, in read
    s = self._safe_read(self.length)
  File "C:\Users\pajic\AppData\Local\Programs\Python\Python311\Lib\http\client.py", line 638, in _safe_read
    data = self.fp.read(amt)
  File "C:\Users\pajic\AppData\Local\Programs\Python\Python311\Lib\socket.py", line 706, in readinto
    return self._sock.recv_into(b)
  File "C:\Users\pajic\AppData\Local\Programs\Python\Python311\Lib\ssl.py", line 1314, in recv_into
    return self.read(nbytes, buffer)
  File "C:\Users\pajic\AppData\Local\Programs\Python\Python311\Lib\ssl.py", line 1166, in read
    return self._sslobj.read(len, buffer)

2025-02-24 15:53:10,226 [WARNING] Shard ID None heartbeat blocked for more than 30 seconds.
Loop thread traceback (most recent call last):
  File "e:\Git Repos\Main Bot Files\bot.py", line 171, in <module>
    bot.run(token)
  File "C:\Users\pajic\AppData\Local\Programs\Python\Python311\Lib\site-packages\discord\client.py", line 869, in run
    asyncio.run(runner())
  File "C:\Users\pajic\AppData\Local\Programs\Python\Python311\Lib\asyncio\runners.py", line 190, in run
    return runner.run(main)
  File "C:\Users\pajic\AppData\Local\Programs\Python\Python311\Lib\asyncio\runners.py", line 118, in run
    return self._loop.run_until_complete(task)
  File "C:\Users\pajic\AppData\Local\Programs\Python\Python311\Lib\asyncio\base_events.py", line 641, in run_until_complete
    self.run_forever()
  File "C:\Users\pajic\AppData\Local\Programs\Python\Python311\Lib\asyncio\windows_events.py", line 321, in run_forever
    super().run_forever()
  File "C:\Users\pajic\AppData\Local\Programs\Python\Python311\Lib\asyncio\base_events.py", line 608, in run_forever
    self._run_once()
  File "C:\Users\pajic\AppData\Local\Programs\Python\Python311\Lib\asyncio\base_events.py", line 1936, in _run_once
    handle._run()
  File "C:\Users\pajic\AppData\Local\Programs\Python\Python311\Lib\asyncio\events.py", line 84, in _run
    self._context.run(self._callback, *self._args)
  File "C:\Users\pajic\AppData\Local\Programs\Python\Python311\Lib\site-packages\discord\client.py", line 449, in _run_event
    await coro(*args, **kwargs)
  File "C:\Users\pajic\AppData\Local\Programs\Python\Python311\Lib\site-packages\discord\ext\commands\bot.py", line 1411, in on_message
    await self.process_commands(message)
  File "C:\Users\pajic\AppData\Local\Programs\Python\Python311\Lib\site-packages\discord\ext\commands\bot.py", line 1408, in process_commands
    await self.invoke(ctx)  # type: ignore
  File "C:\Users\pajic\AppData\Local\Programs\Python\Python311\Lib\site-packages\discord\ext\commands\bot.py", line 1366, in invoke
    await ctx.command.invoke(ctx)
  File "C:\Users\pajic\AppData\Local\Programs\Python\Python311\Lib\site-packages\discord\ext\commands\core.py", line 1029, in invoke
    await injected(*ctx.args, **ctx.kwargs)  # type: ignore
  File "C:\Users\pajic\AppData\Local\Programs\Python\Python311\Lib\site-packages\discord\ext\commands\core.py", line 235, in wrapped
    ret = await coro(*args, **kwargs)
  File "e:\Git Repos\Main Bot Files\cogs\music.py", line 576, in play_command
    await self.play_impl(ctx, query)
  File "e:\Git Repos\Main Bot Files\cogs\music.py", line 614, in play_impl
    music_source = await MusicSource.create_source(query)
  File "e:\Git Repos\Main Bot Files\cogs\music.py", line 407, in create_source
    return await MusicSource._create_youtube_source(search_query, ydl_opts)
  File "e:\Git Repos\Main Bot Files\cogs\music.py", line 435, in _create_youtube_source
    info = ydl.extract_info(query, download=False)
  File "C:\Users\pajic\AppData\Local\Programs\Python\Python311\Lib\site-packages\yt_dlp\YoutubeDL.py", line 1626, in extract_info
    return self.__extract_info(url, self.get_info_extractor(key), download, extra_info, process)
  File "C:\Users\pajic\AppData\Local\Programs\Python\Python311\Lib\site-packages\yt_dlp\YoutubeDL.py", line 1637, in wrapper
    return func(self, *args, **kwargs)
  File "C:\Users\pajic\AppData\Local\Programs\Python\Python311\Lib\site-packages\yt_dlp\YoutubeDL.py", line 1793, in __extract_info
    return self.process_ie_result(ie_result, download, extra_info)
  File "C:\Users\pajic\AppData\Local\Programs\Python\Python311\Lib\site-packages\yt_dlp\YoutubeDL.py", line 1922, in process_ie_result
    return self.__process_playlist(ie_result, download)
  File "C:\Users\pajic\AppData\Local\Programs\Python\Python311\Lib\site-packages\yt_dlp\YoutubeDL.py", line 2070, in __process_playlist
    entry_result = self.__process_iterable_entry(entry, download, collections.ChainMap({
  File "C:\Users\pajic\AppData\Local\Programs\Python\Python311\Lib\site-packages\yt_dlp\YoutubeDL.py", line 1637, in wrapper
    return func(self, *args, **kwargs)
  File "C:\Users\pajic\AppData\Local\Programs\Python\Python311\Lib\site-packages\yt_dlp\YoutubeDL.py", line 2102, in __process_iterable_entry
    return self.process_ie_result(
  File "C:\Users\pajic\AppData\Local\Programs\Python\Python311\Lib\site-packages\yt_dlp\YoutubeDL.py", line 1872, in process_ie_result
    return self.extract_info(
  File "C:\Users\pajic\AppData\Local\Programs\Python\Python311\Lib\site-packages\yt_dlp\YoutubeDL.py", line 1626, in extract_info
    return self.__extract_info(url, self.get_info_extractor(key), download, extra_info, process)
  File "C:\Users\pajic\AppData\Local\Programs\Python\Python311\Lib\site-packages\yt_dlp\YoutubeDL.py", line 1637, in wrapper
    return func(self, *args, **kwargs)
  File "C:\Users\pajic\AppData\Local\Programs\Python\Python311\Lib\site-packages\yt_dlp\YoutubeDL.py", line 1772, in __extract_info
    ie_result = ie.extract(url)
  File "C:\Users\pajic\AppData\Local\Programs\Python\Python311\Lib\site-packages\yt_dlp\extractor\common.py", line 742, in extract
    ie_result = self._real_extract(url)
  File "C:\Users\pajic\AppData\Local\Programs\Python\Python311\Lib\site-packages\yt_dlp\extractor\youtube.py", line 4600, in _real_extract
    webpage, master_ytcfg, player_responses, player_url = self._download_player_responses(url, smuggled_data, video_id, webpage_url)
  File "C:\Users\pajic\AppData\Local\Programs\Python\Python311\Lib\site-packages\yt_dlp\extractor\youtube.py", line 4564, in _download_player_responses
    player_responses, player_url = self._extract_player_responses(
  File "C:\Users\pajic\AppData\Local\Programs\Python\Python311\Lib\site-packages\yt_dlp\extractor\youtube.py", line 4150, in _extract_player_responses
    pr = pr or self._extract_player_response(
  File "C:\Users\pajic\AppData\Local\Programs\Python\Python311\Lib\site-packages\yt_dlp\extractor\youtube.py", line 4000, in _extract_player_response
    sts = self._extract_signature_timestamp(video_id, player_url, master_ytcfg, fatal=False) if player_url else None
  File "C:\Users\pajic\AppData\Local\Programs\Python\Python311\Lib\site-packages\yt_dlp\extractor\youtube.py", line 3421, in _extract_signature_timestamp
    code = self._load_player(video_id, player_url, fatal=fatal)
  File "C:\Users\pajic\AppData\Local\Programs\Python\Python311\Lib\site-packages\yt_dlp\extractor\youtube.py", line 3167, in _load_player
    code = self._download_webpage(
  File "C:\Users\pajic\AppData\Local\Programs\Python\Python311\Lib\site-packages\yt_dlp\extractor\common.py", line 1201, in _download_webpage
    return self.__download_webpage(url_or_request, video_id, note, errnote, None, fatal, *args, **kwargs)
  File "C:\Users\pajic\AppData\Local\Programs\Python\Python311\Lib\site-packages\yt_dlp\extractor\common.py", line 1152, in download_content
    res = getattr(self, download_handle.__name__)(url_or_request, video_id, **kwargs)
  File "C:\Users\pajic\AppData\Local\Programs\Python\Python311\Lib\site-packages\yt_dlp\extractor\common.py", line 968, in _download_webpage_handle
    content = self._webpage_read_content(urlh, url_or_request, video_id, note, errnote, fatal,
  File "C:\Users\pajic\AppData\Local\Programs\Python\Python311\Lib\site-packages\yt_dlp\extractor\common.py", line 1048, in _webpage_read_content
    webpage_bytes = urlh.read()
  File "C:\Users\pajic\AppData\Local\Programs\Python\Python311\Lib\site-packages\yt_dlp\networking\_requests.py", line 143, in read
    return self.fp.read(amt, decode_content=True)
  File "C:\Users\pajic\AppData\Local\Programs\Python\Python311\Lib\site-packages\urllib3\response.py", line 955, in read
    data = self._raw_read(amt)
  File "C:\Users\pajic\AppData\Local\Programs\Python\Python311\Lib\site-packages\urllib3\response.py", line 879, in _raw_read
    data = self._fp_read(amt, read1=read1) if not fp_closed else b""
  File "C:\Users\pajic\AppData\Local\Programs\Python\Python311\Lib\site-packages\urllib3\response.py", line 862, in _fp_read
    return self._fp.read(amt) if amt is not None else self._fp.read()
  File "C:\Users\pajic\AppData\Local\Programs\Python\Python311\Lib\http\client.py", line 489, in read
    s = self._safe_read(self.length)
  File "C:\Users\pajic\AppData\Local\Programs\Python\Python311\Lib\http\client.py", line 638, in _safe_read
    data = self.fp.read(amt)
  File "C:\Users\pajic\AppData\Local\Programs\Python\Python311\Lib\socket.py", line 706, in readinto
    return self._sock.recv_into(b)
  File "C:\Users\pajic\AppData\Local\Programs\Python\Python311\Lib\ssl.py", line 1314, in recv_into
    return self.read(nbytes, buffer)
  File "C:\Users\pajic\AppData\Local\Programs\Python\Python311\Lib\ssl.py", line 1166, in read
    return self._sslobj.read(len, buffer)

2025-02-24 15:53:19,102 [WARNING] Shard ID None voice heartbeat blocked for more than 60 seconds
Loop thread traceback (most recent call last):
  File "e:\Git Repos\Main Bot Files\bot.py", line 171, in <module>
    bot.run(token)
  File "C:\Users\pajic\AppData\Local\Programs\Python\Python311\Lib\site-packages\discord\client.py", line 869, in run
    asyncio.run(runner())
  File "C:\Users\pajic\AppData\Local\Programs\Python\Python311\Lib\asyncio\runners.py", line 190, in run
    return runner.run(main)
  File "C:\Users\pajic\AppData\Local\Programs\Python\Python311\Lib\asyncio\runners.py", line 118, in run
    return self._loop.run_until_complete(task)
  File "C:\Users\pajic\AppData\Local\Programs\Python\Python311\Lib\asyncio\base_events.py", line 641, in run_until_complete
    self.run_forever()
  File "C:\Users\pajic\AppData\Local\Programs\Python\Python311\Lib\asyncio\windows_events.py", line 321, in run_forever
    super().run_forever()
  File "C:\Users\pajic\AppData\Local\Programs\Python\Python311\Lib\asyncio\base_events.py", line 608, in run_forever
    self._run_once()
  File "C:\Users\pajic\AppData\Local\Programs\Python\Python311\Lib\asyncio\base_events.py", line 1936, in _run_once
    handle._run()
  File "C:\Users\pajic\AppData\Local\Programs\Python\Python311\Lib\asyncio\events.py", line 84, in _run
    self._context.run(self._callback, *self._args)
  File "C:\Users\pajic\AppData\Local\Programs\Python\Python311\Lib\site-packages\discord\client.py", line 449, in _run_event
    await coro(*args, **kwargs)
  File "C:\Users\pajic\AppData\Local\Programs\Python\Python311\Lib\site-packages\discord\ext\commands\bot.py", line 1411, in on_message
    await self.process_commands(message)
  File "C:\Users\pajic\AppData\Local\Programs\Python\Python311\Lib\site-packages\discord\ext\commands\bot.py", line 1408, in process_commands
    await self.invoke(ctx)  # type: ignore
  File "C:\Users\pajic\AppData\Local\Programs\Python\Python311\Lib\site-packages\discord\ext\commands\bot.py", line 1366, in invoke
    await ctx.command.invoke(ctx)
  File "C:\Users\pajic\AppData\Local\Programs\Python\Python311\Lib\site-packages\discord\ext\commands\core.py", line 1029, in invoke
    await injected(*ctx.args, **ctx.kwargs)  # type: ignore
  File "C:\Users\pajic\AppData\Local\Programs\Python\Python311\Lib\site-packages\discord\ext\commands\core.py", line 235, in wrapped
    ret = await coro(*args, **kwargs)
  File "e:\Git Repos\Main Bot Files\cogs\music.py", line 576, in play_command
    await self.play_impl(ctx, query)
  File "e:\Git Repos\Main Bot Files\cogs\music.py", line 614, in play_impl
    music_source = await MusicSource.create_source(query)
  File "e:\Git Repos\Main Bot Files\cogs\music.py", line 407, in create_source
    return await MusicSource._create_youtube_source(search_query, ydl_opts)
  File "e:\Git Repos\Main Bot Files\cogs\music.py", line 435, in _create_youtube_source
    info = ydl.extract_info(query, download=False)
  File "C:\Users\pajic\AppData\Local\Programs\Python\Python311\Lib\site-packages\yt_dlp\YoutubeDL.py", line 1626, in extract_info
    return self.__extract_info(url, self.get_info_extractor(key), download, extra_info, process)
  File "C:\Users\pajic\AppData\Local\Programs\Python\Python311\Lib\site-packages\yt_dlp\YoutubeDL.py", line 1637, in wrapper
    return func(self, *args, **kwargs)
  File "C:\Users\pajic\AppData\Local\Programs\Python\Python311\Lib\site-packages\yt_dlp\YoutubeDL.py", line 1793, in __extract_info
    return self.process_ie_result(ie_result, download, extra_info)
  File "C:\Users\pajic\AppData\Local\Programs\Python\Python311\Lib\site-packages\yt_dlp\YoutubeDL.py", line 1922, in process_ie_result
    return self.__process_playlist(ie_result, download)
  File "C:\Users\pajic\AppData\Local\Programs\Python\Python311\Lib\site-packages\yt_dlp\YoutubeDL.py", line 2070, in __process_playlist
    entry_result = self.__process_iterable_entry(entry, download, collections.ChainMap({
  File "C:\Users\pajic\AppData\Local\Programs\Python\Python311\Lib\site-packages\yt_dlp\YoutubeDL.py", line 1637, in wrapper
    return func(self, *args, **kwargs)
  File "C:\Users\pajic\AppData\Local\Programs\Python\Python311\Lib\site-packages\yt_dlp\YoutubeDL.py", line 2102, in __process_iterable_entry
    return self.process_ie_result(
  File "C:\Users\pajic\AppData\Local\Programs\Python\Python311\Lib\site-packages\yt_dlp\YoutubeDL.py", line 1872, in process_ie_result
    return self.extract_info(
  File "C:\Users\pajic\AppData\Local\Programs\Python\Python311\Lib\site-packages\yt_dlp\YoutubeDL.py", line 1626, in extract_info
    return self.__extract_info(url, self.get_info_extractor(key), download, extra_info, process)
  File "C:\Users\pajic\AppData\Local\Programs\Python\Python311\Lib\site-packages\yt_dlp\YoutubeDL.py", line 1637, in wrapper
    return func(self, *args, **kwargs)
  File "C:\Users\pajic\AppData\Local\Programs\Python\Python311\Lib\site-packages\yt_dlp\YoutubeDL.py", line 1772, in __extract_info
    ie_result = ie.extract(url)
  File "C:\Users\pajic\AppData\Local\Programs\Python\Python311\Lib\site-packages\yt_dlp\extractor\common.py", line 742, in extract
    ie_result = self._real_extract(url)
  File "C:\Users\pajic\AppData\Local\Programs\Python\Python311\Lib\site-packages\yt_dlp\extractor\youtube.py", line 4600, in _real_extract
    webpage, master_ytcfg, player_responses, player_url = self._download_player_responses(url, smuggled_data, video_id, webpage_url)
  File "C:\Users\pajic\AppData\Local\Programs\Python\Python311\Lib\site-packages\yt_dlp\extractor\youtube.py", line 4564, in _download_player_responses
    player_responses, player_url = self._extract_player_responses(
  File "C:\Users\pajic\AppData\Local\Programs\Python\Python311\Lib\site-packages\yt_dlp\extractor\youtube.py", line 4150, in _extract_player_responses
    pr = pr or self._extract_player_response(
  File "C:\Users\pajic\AppData\Local\Programs\Python\Python311\Lib\site-packages\yt_dlp\extractor\youtube.py", line 4000, in _extract_player_response
    sts = self._extract_signature_timestamp(video_id, player_url, master_ytcfg, fatal=False) if player_url else None
  File "C:\Users\pajic\AppData\Local\Programs\Python\Python311\Lib\site-packages\yt_dlp\extractor\youtube.py", line 3421, in _extract_signature_timestamp
    code = self._load_player(video_id, player_url, fatal=fatal)
  File "C:\Users\pajic\AppData\Local\Programs\Python\Python311\Lib\site-packages\yt_dlp\extractor\youtube.py", line 3167, in _load_player
    code = self._download_webpage(
  File "C:\Users\pajic\AppData\Local\Programs\Python\Python311\Lib\site-packages\yt_dlp\extractor\common.py", line 1201, in _download_webpage
    return self.__download_webpage(url_or_request, video_id, note, errnote, None, fatal, *args, **kwargs)
  File "C:\Users\pajic\AppData\Local\Programs\Python\Python311\Lib\site-packages\yt_dlp\extractor\common.py", line 1152, in download_content
    res = getattr(self, download_handle.__name__)(url_or_request, video_id, **kwargs)
  File "C:\Users\pajic\AppData\Local\Programs\Python\Python311\Lib\site-packages\yt_dlp\extractor\common.py", line 968, in _download_webpage_handle
    content = self._webpage_read_content(urlh, url_or_request, video_id, note, errnote, fatal,
  File "C:\Users\pajic\AppData\Local\Programs\Python\Python311\Lib\site-packages\yt_dlp\extractor\common.py", line 1048, in _webpage_read_content
    webpage_bytes = urlh.read()
  File "C:\Users\pajic\AppData\Local\Programs\Python\Python311\Lib\site-packages\yt_dlp\networking\_requests.py", line 143, in read
    return self.fp.read(amt, decode_content=True)
  File "C:\Users\pajic\AppData\Local\Programs\Python\Python311\Lib\site-packages\urllib3\response.py", line 955, in read
    data = self._raw_read(amt)
  File "C:\Users\pajic\AppData\Local\Programs\Python\Python311\Lib\site-packages\urllib3\response.py", line 879, in _raw_read
    data = self._fp_read(amt, read1=read1) if not fp_closed else b""
  File "C:\Users\pajic\AppData\Local\Programs\Python\Python311\Lib\site-packages\urllib3\response.py", line 862, in _fp_read
    return self._fp.read(amt) if amt is not None else self._fp.read()
  File "C:\Users\pajic\AppData\Local\Programs\Python\Python311\Lib\http\client.py", line 489, in read
    s = self._safe_read(self.length)
  File "C:\Users\pajic\AppData\Local\Programs\Python\Python311\Lib\http\client.py", line 638, in _safe_read
    data = self.fp.read(amt)
  File "C:\Users\pajic\AppData\Local\Programs\Python\Python311\Lib\socket.py", line 706, in readinto
    return self._sock.recv_into(b)
  File "C:\Users\pajic\AppData\Local\Programs\Python\Python311\Lib\ssl.py", line 1314, in recv_into
    return self.read(nbytes, buffer)
  File "C:\Users\pajic\AppData\Local\Programs\Python\Python311\Lib\ssl.py", line 1166, in read
    return self._sslobj.read(len, buffer)

2025-02-24 15:53:20,252 [WARNING] Shard ID None heartbeat blocked for more than 40 seconds.
Loop thread traceback (most recent call last):
  File "e:\Git Repos\Main Bot Files\bot.py", line 171, in <module>
    bot.run(token)
  File "C:\Users\pajic\AppData\Local\Programs\Python\Python311\Lib\site-packages\discord\client.py", line 869, in run
    asyncio.run(runner())
  File "C:\Users\pajic\AppData\Local\Programs\Python\Python311\Lib\asyncio\runners.py", line 190, in run
    return runner.run(main)
  File "C:\Users\pajic\AppData\Local\Programs\Python\Python311\Lib\asyncio\runners.py", line 118, in run
    return self._loop.run_until_complete(task)
  File "C:\Users\pajic\AppData\Local\Programs\Python\Python311\Lib\asyncio\base_events.py", line 641, in run_until_complete
    self.run_forever()
  File "C:\Users\pajic\AppData\Local\Programs\Python\Python311\Lib\asyncio\windows_events.py", line 321, in run_forever
    super().run_forever()
  File "C:\Users\pajic\AppData\Local\Programs\Python\Python311\Lib\asyncio\base_events.py", line 608, in run_forever
    self._run_once()
  File "C:\Users\pajic\AppData\Local\Programs\Python\Python311\Lib\asyncio\base_events.py", line 1936, in _run_once
    handle._run()
  File "C:\Users\pajic\AppData\Local\Programs\Python\Python311\Lib\asyncio\events.py", line 84, in _run
    self._context.run(self._callback, *self._args)
  File "C:\Users\pajic\AppData\Local\Programs\Python\Python311\Lib\site-packages\discord\client.py", line 449, in _run_event
    await coro(*args, **kwargs)
  File "C:\Users\pajic\AppData\Local\Programs\Python\Python311\Lib\site-packages\discord\ext\commands\bot.py", line 1411, in on_message
    await self.process_commands(message)
  File "C:\Users\pajic\AppData\Local\Programs\Python\Python311\Lib\site-packages\discord\ext\commands\bot.py", line 1408, in process_commands
    await self.invoke(ctx)  # type: ignore
  File "C:\Users\pajic\AppData\Local\Programs\Python\Python311\Lib\site-packages\discord\ext\commands\bot.py", line 1366, in invoke
    await ctx.command.invoke(ctx)
  File "C:\Users\pajic\AppData\Local\Programs\Python\Python311\Lib\site-packages\discord\ext\commands\core.py", line 1029, in invoke
    await injected(*ctx.args, **ctx.kwargs)  # type: ignore
  File "C:\Users\pajic\AppData\Local\Programs\Python\Python311\Lib\site-packages\discord\ext\commands\core.py", line 235, in wrapped
    ret = await coro(*args, **kwargs)
  File "e:\Git Repos\Main Bot Files\cogs\music.py", line 576, in play_command
    await self.play_impl(ctx, query)
  File "e:\Git Repos\Main Bot Files\cogs\music.py", line 614, in play_impl
    music_source = await MusicSource.create_source(query)
  File "e:\Git Repos\Main Bot Files\cogs\music.py", line 407, in create_source
    return await MusicSource._create_youtube_source(search_query, ydl_opts)
  File "e:\Git Repos\Main Bot Files\cogs\music.py", line 435, in _create_youtube_source
    info = ydl.extract_info(query, download=False)
  File "C:\Users\pajic\AppData\Local\Programs\Python\Python311\Lib\site-packages\yt_dlp\YoutubeDL.py", line 1626, in extract_info
    return self.__extract_info(url, self.get_info_extractor(key), download, extra_info, process)
  File "C:\Users\pajic\AppData\Local\Programs\Python\Python311\Lib\site-packages\yt_dlp\YoutubeDL.py", line 1637, in wrapper
    return func(self, *args, **kwargs)
  File "C:\Users\pajic\AppData\Local\Programs\Python\Python311\Lib\site-packages\yt_dlp\YoutubeDL.py", line 1793, in __extract_info
    return self.process_ie_result(ie_result, download, extra_info)
  File "C:\Users\pajic\AppData\Local\Programs\Python\Python311\Lib\site-packages\yt_dlp\YoutubeDL.py", line 1922, in process_ie_result
    return self.__process_playlist(ie_result, download)
  File "C:\Users\pajic\AppData\Local\Programs\Python\Python311\Lib\site-packages\yt_dlp\YoutubeDL.py", line 2070, in __process_playlist
    entry_result = self.__process_iterable_entry(entry, download, collections.ChainMap({
  File "C:\Users\pajic\AppData\Local\Programs\Python\Python311\Lib\site-packages\yt_dlp\YoutubeDL.py", line 1637, in wrapper
    return func(self, *args, **kwargs)
  File "C:\Users\pajic\AppData\Local\Programs\Python\Python311\Lib\site-packages\yt_dlp\YoutubeDL.py", line 2102, in __process_iterable_entry
    return self.process_ie_result(
  File "C:\Users\pajic\AppData\Local\Programs\Python\Python311\Lib\site-packages\yt_dlp\YoutubeDL.py", line 1872, in process_ie_result
    return self.extract_info(
  File "C:\Users\pajic\AppData\Local\Programs\Python\Python311\Lib\site-packages\yt_dlp\YoutubeDL.py", line 1626, in extract_info
    return self.__extract_info(url, self.get_info_extractor(key), download, extra_info, process)
  File "C:\Users\pajic\AppData\Local\Programs\Python\Python311\Lib\site-packages\yt_dlp\YoutubeDL.py", line 1637, in wrapper
    return func(self, *args, **kwargs)
  File "C:\Users\pajic\AppData\Local\Programs\Python\Python311\Lib\site-packages\yt_dlp\YoutubeDL.py", line 1772, in __extract_info
    ie_result = ie.extract(url)
  File "C:\Users\pajic\AppData\Local\Programs\Python\Python311\Lib\site-packages\yt_dlp\extractor\common.py", line 742, in extract
    ie_result = self._real_extract(url)
  File "C:\Users\pajic\AppData\Local\Programs\Python\Python311\Lib\site-packages\yt_dlp\extractor\youtube.py", line 4600, in _real_extract
    webpage, master_ytcfg, player_responses, player_url = self._download_player_responses(url, smuggled_data, video_id, webpage_url)
  File "C:\Users\pajic\AppData\Local\Programs\Python\Python311\Lib\site-packages\yt_dlp\extractor\youtube.py", line 4564, in _download_player_responses
    player_responses, player_url = self._extract_player_responses(
  File "C:\Users\pajic\AppData\Local\Programs\Python\Python311\Lib\site-packages\yt_dlp\extractor\youtube.py", line 4150, in _extract_player_responses
    pr = pr or self._extract_player_response(
  File "C:\Users\pajic\AppData\Local\Programs\Python\Python311\Lib\site-packages\yt_dlp\extractor\youtube.py", line 4000, in _extract_player_response
    sts = self._extract_signature_timestamp(video_id, player_url, master_ytcfg, fatal=False) if player_url else None
  File "C:\Users\pajic\AppData\Local\Programs\Python\Python311\Lib\site-packages\yt_dlp\extractor\youtube.py", line 3421, in _extract_signature_timestamp
    code = self._load_player(video_id, player_url, fatal=fatal)
  File "C:\Users\pajic\AppData\Local\Programs\Python\Python311\Lib\site-packages\yt_dlp\extractor\youtube.py", line 3167, in _load_player
    code = self._download_webpage(
  File "C:\Users\pajic\AppData\Local\Programs\Python\Python311\Lib\site-packages\yt_dlp\extractor\common.py", line 1201, in _download_webpage
    return self.__download_webpage(url_or_request, video_id, note, errnote, None, fatal, *args, **kwargs)
  File "C:\Users\pajic\AppData\Local\Programs\Python\Python311\Lib\site-packages\yt_dlp\extractor\common.py", line 1152, in download_content
    res = getattr(self, download_handle.__name__)(url_or_request, video_id, **kwargs)
  File "C:\Users\pajic\AppData\Local\Programs\Python\Python311\Lib\site-packages\yt_dlp\extractor\common.py", line 968, in _download_webpage_handle
    content = self._webpage_read_content(urlh, url_or_request, video_id, note, errnote, fatal,
  File "C:\Users\pajic\AppData\Local\Programs\Python\Python311\Lib\site-packages\yt_dlp\extractor\common.py", line 1048, in _webpage_read_content
    webpage_bytes = urlh.read()
  File "C:\Users\pajic\AppData\Local\Programs\Python\Python311\Lib\site-packages\yt_dlp\networking\_requests.py", line 143, in read
    return self.fp.read(amt, decode_content=True)
  File "C:\Users\pajic\AppData\Local\Programs\Python\Python311\Lib\site-packages\urllib3\response.py", line 955, in read
    data = self._raw_read(amt)
  File "C:\Users\pajic\AppData\Local\Programs\Python\Python311\Lib\site-packages\urllib3\response.py", line 879, in _raw_read
    data = self._fp_read(amt, read1=read1) if not fp_closed else b""
  File "C:\Users\pajic\AppData\Local\Programs\Python\Python311\Lib\site-packages\urllib3\response.py", line 862, in _fp_read
    return self._fp.read(amt) if amt is not None else self._fp.read()
  File "C:\Users\pajic\AppData\Local\Programs\Python\Python311\Lib\http\client.py", line 489, in read
    s = self._safe_read(self.length)
  File "C:\Users\pajic\AppData\Local\Programs\Python\Python311\Lib\http\client.py", line 638, in _safe_read
    data = self.fp.read(amt)
  File "C:\Users\pajic\AppData\Local\Programs\Python\Python311\Lib\socket.py", line 706, in readinto
    return self._sock.recv_into(b)
  File "C:\Users\pajic\AppData\Local\Programs\Python\Python311\Lib\ssl.py", line 1314, in recv_into
    return self.read(nbytes, buffer)
  File "C:\Users\pajic\AppData\Local\Programs\Python\Python311\Lib\ssl.py", line 1166, in read
    return self._sslobj.read(len, buffer)

2025-02-24 20:03:42,452 [INFO] Bot script started.
2025-02-24 20:03:42,468 [INFO] Starting bot with enhanced error handling...
2025-02-24 20:03:42,470 [INFO] logging in using static token
2025-02-24 20:03:43,131 [INFO] Setting up bot hooks...
2025-02-24 20:03:44,244 [INFO] Bot hooks setup complete
2025-02-24 20:03:44,613 [INFO] Shard ID None has connected to Gateway (Session ID: cdbfe3832239f745e487c22cec422134).
2025-02-24 20:03:46,629 [INFO] Bot is ready! Logged in as Dsod's Music Bot
2025-02-24 20:03:46,630 [INFO] 
Currently registered commands:
2025-02-24 20:03:46,630 [INFO] - /play
2025-02-24 20:03:46,631 [INFO] - /queue
2025-02-24 20:03:46,631 [INFO] - /pause
2025-02-24 20:03:46,631 [INFO] - /skip
2025-02-24 20:03:46,632 [INFO] - /stop
2025-02-24 20:03:46,632 [INFO] - /help
2025-02-24 20:03:46,632 [INFO] - /skipqueue
2025-02-24 20:03:46,633 [INFO] 
Invite the bot using this link to ensure proper permissions:
2025-02-24 20:03:46,633 [INFO] https://discord.com/oauth2/authorize?client_id=1340103701980774511&scope=bot+applications.commands&permissions=2184285248
2025-02-24 20:03:46,633 [INFO] 
Starting global command sync...
2025-02-24 20:03:46,833 [INFO] Found 7 existing global commands
2025-02-24 20:03:47,110 [INFO] Successfully synced 7 commands globally:
2025-02-24 20:03:47,110 [INFO] - /play: Play music from YouTube URL, Spotify URL (tracks, playlists, albums), or search query
2025-02-24 20:03:47,110 [INFO] - /queue: Display the current queue
2025-02-24 20:03:47,111 [INFO] - /pause: Pause or resume the current song
2025-02-24 20:03:47,111 [INFO] - /skip: Skip the current song and play the next one
2025-02-24 20:03:47,111 [INFO] - /stop: Stop playback and clear the queue
2025-02-24 20:03:47,112 [INFO] - /help: Show all available commands and their descriptions
2025-02-24 20:03:47,112 [INFO] - /skipqueue: Skip songs in the queue without affecting the current song
2025-02-24 20:05:02,174 [ERROR] Unhandled app command error: query is a required argument that is missing.
2025-02-24 20:05:02,212 [ERROR] Traceback (most recent call last):
  File "C:\Users\pajic\AppData\Local\Programs\Python\Python311\Lib\site-packages\discord\ext\commands\bot.py", line 1366, in invoke
    await ctx.command.invoke(ctx)
  File "C:\Users\pajic\AppData\Local\Programs\Python\Python311\Lib\site-packages\discord\ext\commands\core.py", line 1021, in invoke
    await self.prepare(ctx)
  File "C:\Users\pajic\AppData\Local\Programs\Python\Python311\Lib\site-packages\discord\ext\commands\core.py", line 938, in prepare
    await self._parse_arguments(ctx)
  File "C:\Users\pajic\AppData\Local\Programs\Python\Python311\Lib\site-packages\discord\ext\commands\core.py", line 853, in _parse_arguments
    kwargs[name] = await self.transform(ctx, param, attachments)
                   ^^^^^^^^^^^^^^^^^^^^^^^^^^^^^^^^^^^^^^^^^^^^^
  File "C:\Users\pajic\AppData\Local\Programs\Python\Python311\Lib\site-packages\discord\ext\commands\core.py", line 697, in transform
    raise MissingRequiredArgument(param)
discord.ext.commands.errors.MissingRequiredArgument: query is a required argument that is missing.

2025-02-24 20:05:02,214 [ERROR] Error in app command error handler: 'Context' object has no attribute 'response'
2025-02-24 20:05:02,215 [ERROR] Traceback (most recent call last):
  File "C:\Users\pajic\AppData\Local\Programs\Python\Python311\Lib\site-packages\discord\ext\commands\bot.py", line 1366, in invoke
    await ctx.command.invoke(ctx)
  File "C:\Users\pajic\AppData\Local\Programs\Python\Python311\Lib\site-packages\discord\ext\commands\core.py", line 1021, in invoke
    await self.prepare(ctx)
  File "C:\Users\pajic\AppData\Local\Programs\Python\Python311\Lib\site-packages\discord\ext\commands\core.py", line 938, in prepare
    await self._parse_arguments(ctx)
  File "C:\Users\pajic\AppData\Local\Programs\Python\Python311\Lib\site-packages\discord\ext\commands\core.py", line 853, in _parse_arguments
    kwargs[name] = await self.transform(ctx, param, attachments)
                   ^^^^^^^^^^^^^^^^^^^^^^^^^^^^^^^^^^^^^^^^^^^^^
  File "C:\Users\pajic\AppData\Local\Programs\Python\Python311\Lib\site-packages\discord\ext\commands\core.py", line 697, in transform
    raise MissingRequiredArgument(param)
discord.ext.commands.errors.MissingRequiredArgument: query is a required argument that is missing.

During handling of the above exception, another exception occurred:

Traceback (most recent call last):
  File "e:\Git Repos\Main Bot Files\bot.py", line 157, in on_app_command_error
    await interaction.response.send_message(
          ^^^^^^^^^^^^^^^^^^^^
AttributeError: 'Context' object has no attribute 'response'

2025-02-24 20:07:24,868 [INFO] Stopping bot process (PID: 16100)...
2025-02-24 20:09:22,182 [INFO] Stopping bot process (PID: 11048)...
2025-02-24 20:09:26,483 [INFO] Stopping bot process (PID: 5952)...
2025-02-24 20:09:46,954 [INFO] Stopping bot process (PID: 3412)...
2025-02-24 20:10:03,287 [INFO] Stopping bot process (PID: 16836)...
2025-02-24 20:10:20,066 [INFO] Stopping bot process (PID: 8904)...
2025-02-24 20:10:33,604 [INFO] Stopping bot process (PID: 13464)...
2025-02-24 20:11:21,302 [INFO] Bot script started.
2025-02-24 20:11:21,304 [INFO] Starting bot with enhanced error handling...
2025-02-24 20:11:21,306 [INFO] logging in using static token
2025-02-24 20:11:21,832 [INFO] Setting up bot hooks...
2025-02-24 20:11:22,674 [INFO] Bot hooks setup complete
2025-02-24 20:11:23,217 [INFO] Shard ID None has connected to Gateway (Session ID: 0e2fd04dfc957ac884b76e62b7aaa5c1).
2025-02-24 20:11:25,262 [INFO] Bot is ready! Logged in as Dsod's Music Bot
2025-02-24 20:11:25,262 [INFO] 
Currently registered commands:
2025-02-24 20:11:25,262 [INFO] - /play
2025-02-24 20:11:25,263 [INFO] - /queue
2025-02-24 20:11:25,263 [INFO] - /pause
2025-02-24 20:11:25,263 [INFO] - /skip
2025-02-24 20:11:25,264 [INFO] - /stop
2025-02-24 20:11:25,264 [INFO] - /help
2025-02-24 20:11:25,265 [INFO] - /skipqueue
2025-02-24 20:11:25,265 [INFO] 
Invite the bot using this link to ensure proper permissions:
2025-02-24 20:11:25,266 [INFO] https://discord.com/oauth2/authorize?client_id=1340103701980774511&scope=bot+applications.commands&permissions=2184285248
2025-02-24 20:11:25,266 [INFO] 
Starting global command sync...
2025-02-24 20:11:25,454 [INFO] Found 7 existing global commands
2025-02-24 20:11:25,785 [INFO] Successfully synced 7 commands globally:
2025-02-24 20:11:25,786 [INFO] - /play: Play music from YouTube URL, Spotify URL (tracks, playlists, albums), or search query
2025-02-24 20:11:25,786 [INFO] - /queue: Display the current queue
2025-02-24 20:11:25,787 [INFO] - /pause: Pause or resume the current song
2025-02-24 20:11:25,787 [INFO] - /skip: Skip the current song and play the next one
2025-02-24 20:11:25,787 [INFO] - /stop: Stop playback and clear the queue
2025-02-24 20:11:25,787 [INFO] - /help: Show all available commands and their descriptions
2025-02-24 20:11:25,788 [INFO] - /skipqueue: Skip songs in the queue without affecting the current song
2025-02-24 20:11:35,554 [INFO] Stopping bot process (PID: 5652)...
2025-02-24 20:13:38,475 [INFO] Stopping bot process (PID: 976)...
2025-02-24 20:17:29,522 [INFO] Stopping bot process (PID: 3356)...
2025-02-24 20:17:29,537 [INFO] Bot stopped successfully.
2025-02-24 20:17:29,537 [INFO] Renaming log file to: log_2025-02-24_20-17-29.log
2025-02-24 20:18:41,983 [INFO] Stopping bot process (PID: 9800)...
2025-02-24 20:19:03,434 [INFO] Bot script started.
2025-02-24 20:19:03,436 [INFO] Starting bot with enhanced error handling...
2025-02-24 20:19:03,437 [INFO] logging in using static token
2025-02-24 20:19:04,213 [INFO] Setting up bot hooks...
2025-02-24 20:19:05,132 [INFO] Bot hooks setup complete
2025-02-24 20:19:05,554 [INFO] Shard ID None has connected to Gateway (Session ID: 8d7a120510e31cab275f26d9024bd78a).
2025-02-24 20:19:07,562 [INFO] Bot is ready! Logged in as Dsod's Music Bot
2025-02-24 20:19:07,562 [INFO] 
Currently registered commands:
2025-02-24 20:19:07,563 [INFO] - /play
2025-02-24 20:19:07,563 [INFO] - /queue
2025-02-24 20:19:07,563 [INFO] - /pause
2025-02-24 20:19:07,563 [INFO] - /skip
2025-02-24 20:19:07,563 [INFO] - /stop
2025-02-24 20:19:07,564 [INFO] - /help
2025-02-24 20:19:07,564 [INFO] - /skipqueue
2025-02-24 20:19:07,564 [INFO] 
Invite the bot using this link to ensure proper permissions:
2025-02-24 20:19:07,564 [INFO] https://discord.com/oauth2/authorize?client_id=1340103701980774511&scope=bot+applications.commands&permissions=2184285248
2025-02-24 20:19:07,564 [INFO] 
Starting global command sync...
2025-02-24 20:19:07,775 [INFO] Found 7 existing global commands
2025-02-24 20:19:08,014 [INFO] Successfully synced 7 commands globally:
2025-02-24 20:19:08,015 [INFO] - /play: Play music from YouTube URL, Spotify URL (tracks, playlists, albums), or search query
2025-02-24 20:19:08,015 [INFO] - /queue: Display the current queue
2025-02-24 20:19:08,015 [INFO] - /pause: Pause or resume the current song
2025-02-24 20:19:08,016 [INFO] - /skip: Skip the current song and play the next one
2025-02-24 20:19:08,016 [INFO] - /stop: Stop playback and clear the queue
2025-02-24 20:19:08,017 [INFO] - /help: Show all available commands and their descriptions
2025-02-24 20:19:08,017 [INFO] - /skipqueue: Skip songs in the queue without affecting the current song
2025-02-24 20:19:12,788 [INFO] Stopping bot process (PID: 1556)...
2025-02-24 20:21:03,015 [INFO] Stopping bot process (PID: 3928)...
2025-02-24 20:21:20,130 [INFO] Bot script started.
2025-02-24 20:21:20,132 [INFO] Starting bot with enhanced error handling...
2025-02-24 20:21:20,133 [INFO] logging in using static token
2025-02-24 20:21:21,158 [INFO] Setting up bot hooks...
2025-02-24 20:21:21,935 [INFO] Bot hooks setup complete
2025-02-24 20:21:22,483 [INFO] Shard ID None has connected to Gateway (Session ID: 08ff3bc01e3ebd91b88211f5e983345c).
2025-02-24 20:21:24,519 [INFO] Bot is ready! Logged in as Dsod's Music Bot
2025-02-24 20:21:24,519 [INFO] 
Currently registered commands:
2025-02-24 20:21:24,520 [INFO] - /play
2025-02-24 20:21:24,520 [INFO] - /queue
2025-02-24 20:21:24,521 [INFO] - /pause
2025-02-24 20:21:24,521 [INFO] - /skip
2025-02-24 20:21:24,522 [INFO] - /stop
2025-02-24 20:21:24,522 [INFO] - /help
2025-02-24 20:21:24,522 [INFO] - /skipqueue
2025-02-24 20:21:24,523 [INFO] 
Invite the bot using this link to ensure proper permissions:
2025-02-24 20:21:24,523 [INFO] https://discord.com/oauth2/authorize?client_id=1340103701980774511&scope=bot+applications.commands&permissions=2184285248
2025-02-24 20:21:24,524 [INFO] 
Starting global command sync...
2025-02-24 20:21:24,701 [INFO] Found 7 existing global commands
2025-02-24 20:21:24,956 [INFO] Successfully synced 7 commands globally:
2025-02-24 20:21:24,956 [INFO] - /play: Play music from YouTube URL, Spotify URL (tracks, playlists, albums), or search query
2025-02-24 20:21:24,956 [INFO] - /queue: Display the current queue
2025-02-24 20:21:24,957 [INFO] - /pause: Pause or resume the current song
2025-02-24 20:21:24,957 [INFO] - /skip: Skip the current song and play the next one
2025-02-24 20:21:24,957 [INFO] - /stop: Stop playback and clear the queue
2025-02-24 20:21:24,958 [INFO] - /help: Show all available commands and their descriptions
2025-02-24 20:21:24,958 [INFO] - /skipqueue: Skip songs in the queue without affecting the current song
2025-02-24 20:21:36,661 [INFO] Stopping bot process (PID: 13372)...
2025-02-24 20:23:21,525 [INFO] Checking process PID 460: C:\Users\pajic\AppData\Local\Programs\Opera GX\116.0.5366.148\opera_crashreporter.exe --type=crashpad-handler /prefetch:4 --monitor-self-annotation=ptype=crashpad-handler --database=C:\Users\pajic\AppData\Roaming\Opera Software\Opera GX Stable\Crash Reports --crash-count-file=C:\Users\pajic\AppData\Roaming\Opera Software\Opera GX Stable\crash_count.txt --url=https://crashstats-collector-2.opera.com/ --annotation=channel=Stable --annotation=plat=Win64 --annotation=prod=OperaDesktopGX --annotation=ver=116.0.5366.148 --initial-client-data=0x1f0,0x1f4,0x1f8,0x1ec,0x1fc,0x7ffaecd8c398,0x7ffaecd8c3a8,0x7ffaecd8c3b8
2025-02-24 20:23:21,574 [INFO] Checking process PID 880: C:\Users\pajic\AppData\Roaming\Spotify\Spotify.exe --type=gpu-process --string-annotations=is-enterprise-managed=yes --start-stack-profiler --user-data-dir=C:\Users\pajic\AppData\Local\Spotify --log-severity=disable --user-agent-product=Chrome/131.0.6778.109 Spotify/1.2.57.463 --gpu-preferences=UAAAAAAAAADgAAAEAAAAAAAAAAAAAAAAAABgAAEAAAAAAAAAAAAAAAAAAAACAAAAAAAAAAAAAAAAAAAAAAAAABAAAAAAAAAAEAAAAAAAAAAIAAAAAAAAAAgAAAAAAAAA --field-trial-handle=2120,i,971949478845103247,9643371070948757693,262144 --disable-features=BackForwardCache,PartitionAllocDanglingPtr,PartitionAllocUnretainedDanglingPtr --variations-seed-version --enable-logging=handle --log-file=2128 --mojo-platform-channel-handle=2112 /prefetch:2
2025-02-24 20:23:21,575 [INFO] Checking process PID 968: E:\Microsoft VS Code\Code.exe --type=crashpad-handler --user-data-dir=C:\Users\pajic\AppData\Roaming\Code /prefetch:4 --no-rate-limit --monitor-self-annotation=ptype=crashpad-handler --database=C:\Users\pajic\AppData\Roaming\Code\Crashpad --url=appcenter://code?aid=a4e3233c-699c-46ec-b4f4-9c2a77254662&uid=6e427c5b-ba8f-49af-9edd-1b1f7723a46c&iid=6e427c5b-ba8f-49af-9edd-1b1f7723a46c&sid=6e427c5b-ba8f-49af-9edd-1b1f7723a46c --annotation=_companyName=Microsoft --annotation=_productName=VSCode --annotation=_version=1.97.2 --annotation=plat=Win64 --annotation=prod=Electron --annotation=ver=32.2.7 --initial-client-data=0x480,0x484,0x488,0x460,0x48c,0x7ff7667d60b8,0x7ff7667d60c4,0x7ff7667d60d0
2025-02-24 20:23:21,613 [INFO] Checking process PID 1256: C:\Users\pajic\AppData\Roaming\Spotify\Spotify.exe --type=utility --utility-sub-type=storage.mojom.StorageService --lang=en-US --service-sandbox-type=service --string-annotations=is-enterprise-managed=yes --user-data-dir=C:\Users\pajic\AppData\Local\Spotify --log-severity=disable --user-agent-product=Chrome/131.0.6778.109 Spotify/1.2.57.463 --field-trial-handle=2568,i,971949478845103247,9643371070948757693,262144 --disable-features=BackForwardCache,PartitionAllocDanglingPtr,PartitionAllocUnretainedDanglingPtr --variations-seed-version --enable-logging=handle --log-file=1996 --mojo-platform-channel-handle=2004 /prefetch:8
2025-02-24 20:23:21,614 [INFO] Checking process PID 1268: C:\Users\pajic\AppData\Local\Programs\Opera GX\opera.exe --type=renderer --extension-process --with-feature:address-bar-dropdown-autocompleted-domains=off --with-feature:address-bar-dropdown-unfiltered-full=off --with-feature:amazon-new-ids=on --with-feature:cashback-assistant=off --with-feature:continue-on-booking=on --with-feature:continue-on-shopping-via-amp=off --with-feature:continue-shopping=on --with-feature:continue-shopping-2=on --with-feature:continue-shopping-5=on --with-feature:continue-shopping-explore=off --with-feature:continue-shopping-structured-partners=on --with-feature:feature-remote-disable-updates-testing-flag=off --with-feature:feature-remote-updates-testing-flag=on --with-feature:game-servers=off --with-feature:gx-post-mortem=on --with-feature:gx-reactinator=on --with-feature:gx-spotlight=on --with-feature:gx-video-to-phone=on --with-feature:lucid-mode-hide-text=on --with-feature:new-news-backend=on --with-feature:new-personal-news-backend=on --with-feature:panic-button=on --with-feature:password-generator=off --with-feature:play-again=on --with-feature:realtime-impressions-reporting=on --with-feature:run-at-startup-default=on --with-feature:sd-suggestions-external=on --with-feature:session-restore-attribution=on --with-feature:side-profiles=on --with-feature:sitecheck-age=on --with-feature:tiktok-panel=on --with-feature:ui-compositor-multithreaded=on --with-feature:installer-experiment-test=off --ab_tests=GXCTest10-ref:DNA-99214_GXCTest10 --disable-gpu-compositing --video-capture-use-gpu-memory-buffer --lang=en-US --device-scale-factor=1 --num-raster-threads=2 --enable-main-frame-before-activation --renderer-client-id=6 --time-ticks-at-unix-epoch=-1740423145203243 --launch-time-ticks=109622875 --field-trial-handle=6052,i,286716981099067088,18036163569385769869,262144 --disable-features=CertificateTransparencyAskBeforeEnabling,PlatformSoftwareH264EncoderInGpu --variations-seed-version --mojo-platform-channel-handle=6040 /prefetch:2
2025-02-24 20:23:21,727 [INFO] Checking process PID 1972: E:\Microsoft VS Code\Code.exe E:\Git Repos\Main Bot Files
2025-02-24 20:23:21,775 [INFO] Checking process PID 2292: sihost.exe
2025-02-24 20:23:21,933 [INFO] Checking process PID 3536: E:\Microsoft VS Code\Code.exe --type=utility --utility-sub-type=node.mojom.NodeService --lang=en-US --service-sandbox-type=none --video-capture-use-gpu-memory-buffer --user-data-dir=C:\Users\pajic\AppData\Roaming\Code --standard-schemes=vscode-webview,vscode-file --enable-sandbox --secure-schemes=vscode-webview,vscode-file --cors-schemes=vscode-webview,vscode-file --fetch-schemes=vscode-webview,vscode-file --service-worker-schemes=vscode-webview --code-cache-schemes=vscode-webview,vscode-file --field-trial-handle=4548,i,689960876626091210,15110206390915688219,262144 --disable-features=CalculateNativeWinOcclusion,PlzDedicatedWorker,SpareRendererForSitePerProcess,WinDelaySpellcheckServiceInit,WinRetrieveSuggestionsOnlyOnDemand --variations-seed-version --mojo-platform-channel-handle=4544 /prefetch:8
2025-02-24 20:23:22,178 [INFO] Checking process PID 4524: C:\Windows\ImmersiveControlPanel\SystemSettings.exe -ServerName:microsoft.windows.immersivecontrolpanel
2025-02-24 20:23:22,179 [INFO] Checking process PID 4560: \\?\C:\WINDOWS\system32\conhost.exe --headless --width 249 --height 14 --signal 0x4c4 --server 0x56c
2025-02-24 20:23:22,268 [INFO] Checking process PID 5568: E:\SteamLibrary\steamapps\common\wallpaper_engine\wallpaper32.exe -safe -silent -service
2025-02-24 20:23:22,268 [INFO] Checking process PID 5656: C:\WINDOWS\System32\WindowsPowerShell\v1.0\powershell.exe -noexit -command try { . "e:\Microsoft VS Code\resources\app\out\vs\workbench\contrib\terminal\common\scripts\shellIntegration.ps1" } catch {}
2025-02-24 20:23:22,278 [INFO] Checking process PID 6032: C:\WINDOWS\system32\svchost.exe -k UnistackSvcGroup -s CDPUserSvc
2025-02-24 20:23:22,286 [INFO] Checking process PID 6072: C:\Users\pajic\AppData\Local\Programs\Opera GX\opera.exe
2025-02-24 20:23:22,288 [INFO] Checking process PID 6316: C:\Program Files\WindowsApps\28017CharlesMilette.TranslucentTB_2024.3.0.0_x64__v826wp6bftszj\TranslucentTB.exe
2025-02-24 20:23:22,307 [INFO] Checking process PID 6672: C:\WINDOWS\SystemApps\MicrosoftWindows.Client.CBS_cw5n1h2txyewy\TextInputHost.exe -ServerName:InputApp.AppXk0k6mrh4r2q0ct33a9wgbez0x7v9cz5y.mca
2025-02-24 20:23:22,328 [INFO] Checking process PID 6880: C:\Users\pajic\AppData\Local\Programs\Opera GX\opera.exe --type=renderer --extension-process --with-feature:address-bar-dropdown-autocompleted-domains=off --with-feature:address-bar-dropdown-unfiltered-full=off --with-feature:amazon-new-ids=on --with-feature:cashback-assistant=off --with-feature:continue-on-booking=on --with-feature:continue-on-shopping-via-amp=off --with-feature:continue-shopping=on --with-feature:continue-shopping-2=on --with-feature:continue-shopping-5=on --with-feature:continue-shopping-explore=off --with-feature:continue-shopping-structured-partners=on --with-feature:feature-remote-disable-updates-testing-flag=off --with-feature:feature-remote-updates-testing-flag=on --with-feature:game-servers=off --with-feature:gx-post-mortem=on --with-feature:gx-reactinator=on --with-feature:gx-spotlight=on --with-feature:gx-video-to-phone=on --with-feature:lucid-mode-hide-text=on --with-feature:new-news-backend=on --with-feature:new-personal-news-backend=on --with-feature:panic-button=on --with-feature:password-generator=off --with-feature:play-again=on --with-feature:realtime-impressions-reporting=on --with-feature:run-at-startup-default=on --with-feature:sd-suggestions-external=on --with-feature:session-restore-attribution=on --with-feature:side-profiles=on --with-feature:sitecheck-age=on --with-feature:tiktok-panel=on --with-feature:ui-compositor-multithreaded=on --with-feature:installer-experiment-test=off --ab_tests=GXCTest10-ref:DNA-99214_GXCTest10 --disable-gpu-compositing --video-capture-use-gpu-memory-buffer --lang=en-US --device-scale-factor=1 --num-raster-threads=2 --enable-main-frame-before-activation --renderer-client-id=11 --time-ticks-at-unix-epoch=-1740423145203243 --launch-time-ticks=109771708 --field-trial-handle=7428,i,286716981099067088,18036163569385769869,262144 --disable-features=CertificateTransparencyAskBeforeEnabling,PlatformSoftwareH264EncoderInGpu --variations-seed-version --mojo-platform-channel-handle=7476 /prefetch:2
2025-02-24 20:23:22,330 [INFO] Checking process PID 6964: C:\WINDOWS\System32\WindowsPowerShell\v1.0\powershell.exe -noexit -command try { . "e:\Microsoft VS Code\resources\app\out\vs\workbench\contrib\terminal\common\scripts\shellIntegration.ps1" } catch {}
2025-02-24 20:23:22,331 [INFO] Checking process PID 7504: C:\WINDOWS\system32\svchost.exe -k UnistackSvcGroup -s WpnUserService
2025-02-24 20:23:22,331 [INFO] Checking process PID 7592: taskhostw.exe USER
2025-02-24 20:23:22,332 [INFO] Checking process PID 7608: taskhostw.exe {222A245B-E637-4AE9-A93F-A59CA119A75E}
2025-02-24 20:23:22,351 [INFO] Checking process PID 7832: ctfmon.exe
2025-02-24 20:23:22,352 [INFO] Checking process PID 7856: C:\Program Files\TaskBarX\TaskbarX.exe
2025-02-24 20:23:22,378 [INFO] Checking process PID 8124: E:\Microsoft VS Code\Code.exe e:\Microsoft VS Code\resources\app\extensions\json-language-features\server\dist\node\jsonServerMain --node-ipc --clientProcessId=17128
2025-02-24 20:23:22,378 [INFO] Checking process PID 8176: C:\WINDOWS\Explorer.EXE
2025-02-24 20:23:22,397 [INFO] Checking process PID 8356: C:\Users\pajic\AppData\Local\Programs\Opera GX\opera.exe --type=renderer --with-feature:address-bar-dropdown-autocompleted-domains=off --with-feature:address-bar-dropdown-unfiltered-full=off --with-feature:amazon-new-ids=on --with-feature:cashback-assistant=off --with-feature:continue-on-booking=on --with-feature:continue-on-shopping-via-amp=off --with-feature:continue-shopping=on --with-feature:continue-shopping-2=on --with-feature:continue-shopping-5=on --with-feature:continue-shopping-explore=off --with-feature:continue-shopping-structured-partners=on --with-feature:feature-remote-disable-updates-testing-flag=off --with-feature:feature-remote-updates-testing-flag=on --with-feature:game-servers=off --with-feature:gx-post-mortem=on --with-feature:gx-reactinator=on --with-feature:gx-spotlight=on --with-feature:gx-video-to-phone=on --with-feature:lucid-mode-hide-text=on --with-feature:new-news-backend=on --with-feature:new-personal-news-backend=on --with-feature:panic-button=on --with-feature:password-generator=off --with-feature:play-again=on --with-feature:realtime-impressions-reporting=on --with-feature:run-at-startup-default=on --with-feature:sd-suggestions-external=on --with-feature:session-restore-attribution=on --with-feature:side-profiles=on --with-feature:sitecheck-age=on --with-feature:tiktok-panel=on --with-feature:ui-compositor-multithreaded=on --with-feature:installer-experiment-test=off --ab_tests=GXCTest10-ref:DNA-99214_GXCTest10 --disable-gpu-compositing --video-capture-use-gpu-memory-buffer --lang=en-US --device-scale-factor=1 --num-raster-threads=2 --enable-main-frame-before-activation --renderer-client-id=13 --time-ticks-at-unix-epoch=-1740423145203243 --launch-time-ticks=108952113 --field-trial-handle=5056,i,286716981099067088,18036163569385769869,262144 --disable-features=CertificateTransparencyAskBeforeEnabling,PlatformSoftwareH264EncoderInGpu --variations-seed-version --mojo-platform-channel-handle=5088 /prefetch:1
2025-02-24 20:23:22,408 [INFO] Checking process PID 8568: C:\Windows\system32\backgroundTaskHost.exe -ServerName:App.AppXggkaqzf6p31g37n0m8phzeswb0rt9m7e.mca
2025-02-24 20:23:22,426 [INFO] Checking process PID 8796: C:\Users\pajic\AppData\Local\Programs\Opera GX\opera.exe --type=renderer --with-feature:address-bar-dropdown-autocompleted-domains=off --with-feature:address-bar-dropdown-unfiltered-full=off --with-feature:amazon-new-ids=on --with-feature:cashback-assistant=off --with-feature:continue-on-booking=on --with-feature:continue-on-shopping-via-amp=off --with-feature:continue-shopping=on --with-feature:continue-shopping-2=on --with-feature:continue-shopping-5=on --with-feature:continue-shopping-explore=off --with-feature:continue-shopping-structured-partners=on --with-feature:feature-remote-disable-updates-testing-flag=off --with-feature:feature-remote-updates-testing-flag=on --with-feature:game-servers=off --with-feature:gx-post-mortem=on --with-feature:gx-reactinator=on --with-feature:gx-spotlight=on --with-feature:gx-video-to-phone=on --with-feature:lucid-mode-hide-text=on --with-feature:new-news-backend=on --with-feature:new-personal-news-backend=on --with-feature:panic-button=on --with-feature:password-generator=off --with-feature:play-again=on --with-feature:realtime-impressions-reporting=on --with-feature:run-at-startup-default=on --with-feature:sd-suggestions-external=on --with-feature:session-restore-attribution=on --with-feature:side-profiles=on --with-feature:sitecheck-age=on --with-feature:tiktok-panel=on --with-feature:ui-compositor-multithreaded=on --with-feature:installer-experiment-test=off --ab_tests=GXCTest10-ref:DNA-99214_GXCTest10 --disable-gpu-compositing --video-capture-use-gpu-memory-buffer --lang=en-US --device-scale-factor=1 --num-raster-threads=2 --enable-main-frame-before-activation --renderer-client-id=15 --time-ticks-at-unix-epoch=-1740423145203243 --launch-time-ticks=109408733 --field-trial-handle=5508,i,286716981099067088,18036163569385769869,262144 --disable-features=CertificateTransparencyAskBeforeEnabling,PlatformSoftwareH264EncoderInGpu --variations-seed-version --mojo-platform-channel-handle=5516 /prefetch:1
2025-02-24 20:23:22,445 [INFO] Checking process PID 8996: C:\Program Files\NVIDIA Corporation\NvContainer\nvcontainer.exe -f C:\ProgramData\NVIDIA Corporation\NVIDIA app\NvContainer\NvContainerUser%dSPUser.log -d C:\Program Files\NVIDIA Corporation\NvContainer\plugins\SPUser -r -l 3 -p 30000 -st C:\Program Files\NVIDIA Corporation\NvContainer\NvContainerTelemetryApi.dll -c
2025-02-24 20:23:22,446 [INFO] Checking process PID 9060: C:\Program Files\NVIDIA Corporation\NvContainer\nvcontainer.exe -f C:\ProgramData\NVIDIA Corporation\NVIDIA app\NvContainer\NvContainerUser%d.log -d C:\Program Files\NVIDIA Corporation\NvContainer\plugins\User -r -l 3 -p 30000 -c
2025-02-24 20:23:22,455 [INFO] Checking process PID 9392: C:\Users\pajic\AppData\Local\Programs\Opera GX\opera.exe --type=renderer --extension-process --with-feature:address-bar-dropdown-autocompleted-domains=off --with-feature:address-bar-dropdown-unfiltered-full=off --with-feature:amazon-new-ids=on --with-feature:cashback-assistant=off --with-feature:continue-on-booking=on --with-feature:continue-on-shopping-via-amp=off --with-feature:continue-shopping=on --with-feature:continue-shopping-2=on --with-feature:continue-shopping-5=on --with-feature:continue-shopping-explore=off --with-feature:continue-shopping-structured-partners=on --with-feature:feature-remote-disable-updates-testing-flag=off --with-feature:feature-remote-updates-testing-flag=on --with-feature:game-servers=off --with-feature:gx-post-mortem=on --with-feature:gx-reactinator=on --with-feature:gx-spotlight=on --with-feature:gx-video-to-phone=on --with-feature:lucid-mode-hide-text=on --with-feature:new-news-backend=on --with-feature:new-personal-news-backend=on --with-feature:panic-button=on --with-feature:password-generator=off --with-feature:play-again=on --with-feature:realtime-impressions-reporting=on --with-feature:run-at-startup-default=on --with-feature:sd-suggestions-external=on --with-feature:session-restore-attribution=on --with-feature:side-profiles=on --with-feature:sitecheck-age=on --with-feature:tiktok-panel=on --with-feature:ui-compositor-multithreaded=on --with-feature:installer-experiment-test=off --ab_tests=GXCTest10-ref:DNA-99214_GXCTest10 --disable-gpu-compositing --video-capture-use-gpu-memory-buffer --lang=en-US --device-scale-factor=1 --num-raster-threads=2 --enable-main-frame-before-activation --renderer-client-id=9 --time-ticks-at-unix-epoch=-1740423145203243 --launch-time-ticks=109757049 --field-trial-handle=7044,i,286716981099067088,18036163569385769869,262144 --disable-features=CertificateTransparencyAskBeforeEnabling,PlatformSoftwareH264EncoderInGpu --variations-seed-version --mojo-platform-channel-handle=7300 /prefetch:2
2025-02-24 20:23:22,457 [INFO] Checking process PID 9624: C:\Program Files\NVIDIA Corporation\NVIDIA App\CEF\NVIDIA Overlay.exe
2025-02-24 20:23:22,460 [INFO] Checking process PID 9664: C:\Program Files\NVIDIA Corporation\NVIDIA App\ShadowPlay\nvsphelper64.exe
2025-02-24 20:23:22,461 [INFO] Checking process PID 9988: C:\WINDOWS\system32\svchost.exe -k ClipboardSvcGroup -p -s cbdhsvc
2025-02-24 20:23:22,461 [INFO] Checking process PID 10012: C:\WINDOWS\system32\backgroundTaskHost.exe -ServerName:App.AppXxw3e32mpkfkfbh0tznpwwqfw96t0tfx6.mca
2025-02-24 20:23:22,462 [INFO] Checking process PID 10300: C:\Windows\System32\RuntimeBroker.exe -Embedding
2025-02-24 20:23:22,471 [INFO] Checking process PID 10456: C:\Program Files\NVIDIA Corporation\NVIDIA App\CEF\NVIDIA Overlay.exe --type=gpu-process --no-sandbox --lang=en-US --user-data-dir=C:\Users\pajic\AppData\Local\CEF\User Data --gpu-preferences=UAAAAAAAAADgAgAYAAAAAAAAAAAAAAAAAABgAAAAAAAwAAAAAAAAAAAAAAAAAAAAAAAAAAAAAAAAAAAAAAAAAEgAAAAAAAAASAAAAAAAAAAYAAAAAgAAABAAAAAAAAAAGAAAAAAAAAAQAAAAAAAAAAAAAAAOAAAAEAAAAAAAAAABAAAADgAAAAgAAAAAAAAACAAAAAAAAAA= --log-file=C:\Users\pajic\AppData\Local\NVIDIA Corporation\NVIDIA Overlay\debug.log --mojo-platform-channel-handle=2196 --field-trial-handle=2228,i,1662192470078777807,15673272145492772878,131072 --disable-features=CalculateNativeWinOcclusion,WinUseBrowserSpellChecker /prefetch:2
2025-02-24 20:23:22,473 [INFO] Checking process PID 10560: E:\Microsoft VS Code\Code.exe --type=utility --utility-sub-type=network.mojom.NetworkService --lang=en-US --service-sandbox-type=none --user-data-dir=C:\Users\pajic\AppData\Roaming\Code --standard-schemes=vscode-webview,vscode-file --enable-sandbox --secure-schemes=vscode-webview,vscode-file --cors-schemes=vscode-webview,vscode-file --fetch-schemes=vscode-webview,vscode-file --service-worker-schemes=vscode-webview --code-cache-schemes=vscode-webview,vscode-file --field-trial-handle=2172,i,689960876626091210,15110206390915688219,262144 --disable-features=CalculateNativeWinOcclusion,PlzDedicatedWorker,SpareRendererForSitePerProcess,WinDelaySpellcheckServiceInit,WinRetrieveSuggestionsOnlyOnDemand --variations-seed-version --mojo-platform-channel-handle=2064 /prefetch:3
2025-02-24 20:23:22,473 [INFO] Checking process PID 10600: C:\Users\pajic\AppData\Roaming\Spotify\Spotify.exe --autostart --minimized
2025-02-24 20:23:22,474 [INFO] Checking process PID 10688: C:\Program Files\NVIDIA Corporation\NVIDIA App\CEF\NVIDIA Overlay.exe --type=utility --utility-sub-type=storage.mojom.StorageService --lang=en-US --service-sandbox-type=utility --no-sandbox --lang=en-US --user-data-dir=C:\Users\pajic\AppData\Local\CEF\User Data --log-file=C:\Users\pajic\AppData\Local\NVIDIA Corporation\NVIDIA Overlay\debug.log --mojo-platform-channel-handle=2892 --field-trial-handle=2228,i,1662192470078777807,15673272145492772878,131072 --disable-features=CalculateNativeWinOcclusion,WinUseBrowserSpellChecker /prefetch:8
2025-02-24 20:23:22,475 [INFO] Checking process PID 10696: C:\Program Files\NVIDIA Corporation\NVIDIA App\CEF\NVIDIA Overlay.exe --type=utility --utility-sub-type=network.mojom.NetworkService --lang=en-US --service-sandbox-type=none --no-sandbox --lang=en-US --user-data-dir=C:\Users\pajic\AppData\Local\CEF\User Data --log-file=C:\Users\pajic\AppData\Local\NVIDIA Corporation\NVIDIA Overlay\debug.log --mojo-platform-channel-handle=3004 --field-trial-handle=2228,i,1662192470078777807,15673272145492772878,131072 --disable-features=CalculateNativeWinOcclusion,WinUseBrowserSpellChecker /prefetch:8
2025-02-24 20:23:22,476 [INFO] Checking process PID 10740: C:\Program Files\NVIDIA Corporation\NVIDIA App\CEF\NVIDIA Overlay.exe --type=renderer --user-data-dir=C:\Users\pajic\AppData\Local\CEF\User Data --no-sandbox --log-file=C:\Users\pajic\AppData\Local\NVIDIA Corporation\NVIDIA Overlay\debug.log --lang=en-US --device-scale-factor=1 --num-raster-threads=2 --enable-main-frame-before-activation --renderer-client-id=5 --launch-time-ticks=33864053 --mojo-platform-channel-handle=3220 --field-trial-handle=2228,i,1662192470078777807,15673272145492772878,131072 --disable-features=CalculateNativeWinOcclusion,WinUseBrowserSpellChecker /prefetch:1
2025-02-24 20:23:22,477 [INFO] Checking process PID 10980: C:\Users\pajic\AppData\Local\Programs\Opera GX\opera.exe --type=utility --utility-sub-type=network.mojom.NetworkService --lang=en-US --service-sandbox-type=none --enable-quic --start-stack-profiler --with-feature:address-bar-dropdown-autocompleted-domains=off --with-feature:address-bar-dropdown-unfiltered-full=off --with-feature:amazon-new-ids=on --with-feature:cashback-assistant=off --with-feature:continue-on-booking=on --with-feature:continue-on-shopping-via-amp=off --with-feature:continue-shopping=on --with-feature:continue-shopping-2=on --with-feature:continue-shopping-5=on --with-feature:continue-shopping-explore=off --with-feature:continue-shopping-structured-partners=on --with-feature:feature-remote-disable-updates-testing-flag=off --with-feature:feature-remote-updates-testing-flag=on --with-feature:game-servers=off --with-feature:gx-post-mortem=on --with-feature:gx-reactinator=on --with-feature:gx-spotlight=on --with-feature:gx-video-to-phone=on --with-feature:lucid-mode-hide-text=on --with-feature:new-news-backend=on --with-feature:new-personal-news-backend=on --with-feature:panic-button=on --with-feature:password-generator=off --with-feature:play-again=on --with-feature:realtime-impressions-reporting=on --with-feature:run-at-startup-default=on --with-feature:sd-suggestions-external=on --with-feature:session-restore-attribution=on --with-feature:side-profiles=on --with-feature:sitecheck-age=on --with-feature:tiktok-panel=on --with-feature:ui-compositor-multithreaded=on --with-feature:installer-experiment-test=off --ab_tests=GXCTest10-ref:DNA-99214_GXCTest10 --field-trial-handle=1808,i,286716981099067088,18036163569385769869,262144 --disable-features=CertificateTransparencyAskBeforeEnabling,PlatformSoftwareH264EncoderInGpu --variations-seed-version --mojo-platform-channel-handle=2164 /prefetch:3
2025-02-24 20:23:22,486 [INFO] Checking process PID 11360: C:\Users\pajic\AppData\Local\Programs\Opera GX\opera.exe --type=renderer --with-feature:address-bar-dropdown-autocompleted-domains=off --with-feature:address-bar-dropdown-unfiltered-full=off --with-feature:amazon-new-ids=on --with-feature:cashback-assistant=off --with-feature:continue-on-booking=on --with-feature:continue-on-shopping-via-amp=off --with-feature:continue-shopping=on --with-feature:continue-shopping-2=on --with-feature:continue-shopping-5=on --with-feature:continue-shopping-explore=off --with-feature:continue-shopping-structured-partners=on --with-feature:feature-remote-disable-updates-testing-flag=off --with-feature:feature-remote-updates-testing-flag=on --with-feature:game-servers=off --with-feature:gx-post-mortem=on --with-feature:gx-reactinator=on --with-feature:gx-spotlight=on --with-feature:gx-video-to-phone=on --with-feature:lucid-mode-hide-text=on --with-feature:new-news-backend=on --with-feature:new-personal-news-backend=on --with-feature:panic-button=on --with-feature:password-generator=off --with-feature:play-again=on --with-feature:realtime-impressions-reporting=on --with-feature:run-at-startup-default=on --with-feature:sd-suggestions-external=on --with-feature:session-restore-attribution=on --with-feature:side-profiles=on --with-feature:sitecheck-age=on --with-feature:tiktok-panel=on --with-feature:ui-compositor-multithreaded=on --with-feature:installer-experiment-test=off --ab_tests=GXCTest10-ref:DNA-99214_GXCTest10 --disable-gpu-compositing --video-capture-use-gpu-memory-buffer --lang=en-US --device-scale-factor=1 --num-raster-threads=2 --enable-main-frame-before-activation --renderer-client-id=12 --time-ticks-at-unix-epoch=-1740423145203243 --launch-time-ticks=108534340 --field-trial-handle=4424,i,286716981099067088,18036163569385769869,262144 --disable-features=CertificateTransparencyAskBeforeEnabling,PlatformSoftwareH264EncoderInGpu --variations-seed-version --mojo-platform-channel-handle=4476 /prefetch:1
2025-02-24 20:23:22,489 [INFO] Checking process PID 11404: C:\WINDOWS\SystemApps\Microsoft.Windows.StartMenuExperienceHost_cw5n1h2txyewy\StartMenuExperienceHost.exe -ServerName:App.AppXywbrabmsek0gm3tkwpr5kwzbs55tkqay.mca
2025-02-24 20:23:22,489 [INFO] Checking process PID 11464: C:\Users\pajic\AppData\Local\Discord\app-1.0.9183\Discord.exe --type=renderer --user-data-dir=C:\Users\pajic\AppData\Roaming\discord --secure-schemes=disclip,sentry-ipc --bypasscsp-schemes=sentry-ipc --cors-schemes=sentry-ipc --fetch-schemes=disclip,sentry-ipc --app-user-model-id=com.squirrel.Discord.Discord --app-path=C:\Users\pajic\AppData\Local\Discord\app-1.0.9183\resources\_app.asar --enable-sandbox --enable-blink-features=EnumerateDevices,AudioOutputDevices --autoplay-policy=no-user-gesture-required --disable-background-timer-throttling --video-capture-use-gpu-memory-buffer --lang=en-US --device-scale-factor=1 --num-raster-threads=2 --enable-main-frame-before-activation --renderer-client-id=13 --time-ticks-at-unix-epoch=-1740423145203176 --launch-time-ticks=720636164 --field-trial-handle=4924,i,10951739047815404222,14100511552463003337,262144 --disable-features=AllowAggressiveThrottlingWithWebSocket,AllowAggressiveThrottlingWithWebSocketWinRetrieveSuggestionsOnlyOnDemand,HardwareMediaKeyHandling,IntensiveWakeUpThrottling,MediaSessionService,SpareRendererForSitePerProcess,UseEcoQoSForBackgroundProcess,WidgetLayering,WinDelaySpellcheckServiceInit,WinRetrieveSuggestionsOnlyOnDemand --variations-seed-version --mojo-platform-channel-handle=4920 --enable-node-leakage-in-renderers /prefetch:1
2025-02-24 20:23:22,491 [INFO] Checking process PID 11580: E:\Microsoft VS Code\Code.exe --type=renderer --user-data-dir=C:\Users\pajic\AppData\Roaming\Code --standard-schemes=vscode-webview,vscode-file --enable-sandbox --secure-schemes=vscode-webview,vscode-file --cors-schemes=vscode-webview,vscode-file --fetch-schemes=vscode-webview,vscode-file --service-worker-schemes=vscode-webview --code-cache-schemes=vscode-webview,vscode-file --app-user-model-id=Microsoft.VisualStudioCode --app-path=E:\Microsoft VS Code\resources\app --enable-sandbox --enable-blink-features=HighlightAPI --disable-blink-features=FontMatchingCTMigration,StandardizedBrowserZoom, --video-capture-use-gpu-memory-buffer --lang=en-US --device-scale-factor=1 --num-raster-threads=2 --enable-main-frame-before-activation --renderer-client-id=4 --time-ticks-at-unix-epoch=-1740423145203180 --launch-time-ticks=380237282 --field-trial-handle=3364,i,689960876626091210,15110206390915688219,262144 --disable-features=CalculateNativeWinOcclusion,PlzDedicatedWorker,SpareRendererForSitePerProcess,WinDelaySpellcheckServiceInit,WinRetrieveSuggestionsOnlyOnDemand --variations-seed-version --mojo-platform-channel-handle=3360 --vscode-window-config=vscode:0e5b0853-c2f3-4ac2-b5af-c21f59d9a25e /prefetch:1
2025-02-24 20:23:22,493 [INFO] Checking process PID 11640: \\?\C:\WINDOWS\system32\conhost.exe --headless --width 80 --height 30 --signal 0x420 --server 0x41c
2025-02-24 20:23:22,502 [INFO] Checking process PID 11780: C:\Windows\System32\RuntimeBroker.exe -Embedding
2025-02-24 20:23:22,503 [INFO] Checking process PID 11836: C:\WINDOWS\System32\WindowsPowerShell\v1.0\powershell.exe -noexit -command try { . "e:\Microsoft VS Code\resources\app\out\vs\workbench\contrib\terminal\common\scripts\shellIntegration.ps1" } catch {}
2025-02-24 20:23:22,505 [INFO] Checking process PID 11988: C:\Program Files\WindowsApps\Microsoft.ZuneMusic_11.2410.8.0_x64__8wekyb3d8bbwe\Microsoft.Media.Player.exe -ServerName:Microsoft.ZuneMusic.AppXr954g6gg1tvs748d5g67zt981dvpmnr6.mca
2025-02-24 20:23:22,506 [INFO] Checking process PID 12084: C:\WINDOWS\SystemApps\Microsoft.Windows.Search_cw5n1h2txyewy\SearchApp.exe -ServerName:CortanaUI.AppX8z9r6jm96hw4bsbneegw0kyxx296wr9t.mca
2025-02-24 20:23:22,506 [INFO] Checking process PID 12264: C:\Users\pajic\AppData\Local\Programs\Opera GX\opera.exe --type=renderer --extension-process --with-feature:address-bar-dropdown-autocompleted-domains=off --with-feature:address-bar-dropdown-unfiltered-full=off --with-feature:amazon-new-ids=on --with-feature:cashback-assistant=off --with-feature:continue-on-booking=on --with-feature:continue-on-shopping-via-amp=off --with-feature:continue-shopping=on --with-feature:continue-shopping-2=on --with-feature:continue-shopping-5=on --with-feature:continue-shopping-explore=off --with-feature:continue-shopping-structured-partners=on --with-feature:feature-remote-disable-updates-testing-flag=off --with-feature:feature-remote-updates-testing-flag=on --with-feature:game-servers=off --with-feature:gx-post-mortem=on --with-feature:gx-reactinator=on --with-feature:gx-spotlight=on --with-feature:gx-video-to-phone=on --with-feature:lucid-mode-hide-text=on --with-feature:new-news-backend=on --with-feature:new-personal-news-backend=on --with-feature:panic-button=on --with-feature:password-generator=off --with-feature:play-again=on --with-feature:realtime-impressions-reporting=on --with-feature:run-at-startup-default=on --with-feature:sd-suggestions-external=on --with-feature:session-restore-attribution=on --with-feature:side-profiles=on --with-feature:sitecheck-age=on --with-feature:tiktok-panel=on --with-feature:ui-compositor-multithreaded=on --with-feature:installer-experiment-test=off --ab_tests=GXCTest10-ref:DNA-99214_GXCTest10 --disable-gpu-compositing --video-capture-use-gpu-memory-buffer --lang=en-US --device-scale-factor=1 --num-raster-threads=2 --enable-main-frame-before-activation --renderer-client-id=5 --time-ticks-at-unix-epoch=-1740423145203243 --launch-time-ticks=108395006 --field-trial-handle=3952,i,286716981099067088,18036163569385769869,262144 --disable-features=CertificateTransparencyAskBeforeEnabling,PlatformSoftwareH264EncoderInGpu --variations-seed-version --mojo-platform-channel-handle=4232 /prefetch:2
2025-02-24 20:23:22,510 [INFO] Checking process PID 12308: C:\Users\pajic\AppData\Local\Programs\Opera GX\opera.exe --type=renderer --extension-process --with-feature:address-bar-dropdown-autocompleted-domains=off --with-feature:address-bar-dropdown-unfiltered-full=off --with-feature:amazon-new-ids=on --with-feature:cashback-assistant=off --with-feature:continue-on-booking=on --with-feature:continue-on-shopping-via-amp=off --with-feature:continue-shopping=on --with-feature:continue-shopping-2=on --with-feature:continue-shopping-5=on --with-feature:continue-shopping-explore=off --with-feature:continue-shopping-structured-partners=on --with-feature:feature-remote-disable-updates-testing-flag=off --with-feature:feature-remote-updates-testing-flag=on --with-feature:game-servers=off --with-feature:gx-post-mortem=on --with-feature:gx-reactinator=on --with-feature:gx-spotlight=on --with-feature:gx-video-to-phone=on --with-feature:lucid-mode-hide-text=on --with-feature:new-news-backend=on --with-feature:new-personal-news-backend=on --with-feature:panic-button=on --with-feature:password-generator=off --with-feature:play-again=on --with-feature:realtime-impressions-reporting=on --with-feature:run-at-startup-default=on --with-feature:sd-suggestions-external=on --with-feature:session-restore-attribution=on --with-feature:side-profiles=on --with-feature:sitecheck-age=on --with-feature:tiktok-panel=on --with-feature:ui-compositor-multithreaded=on --with-feature:installer-experiment-test=off --ab_tests=GXCTest10-ref:DNA-99214_GXCTest10 --disable-gpu-compositing --video-capture-use-gpu-memory-buffer --lang=en-US --device-scale-factor=1 --num-raster-threads=2 --enable-main-frame-before-activation --renderer-client-id=8 --time-ticks-at-unix-epoch=-1740423145203243 --launch-time-ticks=109737584 --field-trial-handle=7052,i,286716981099067088,18036163569385769869,262144 --disable-features=CertificateTransparencyAskBeforeEnabling,PlatformSoftwareH264EncoderInGpu --variations-seed-version --mojo-platform-channel-handle=7060 /prefetch:2
2025-02-24 20:23:22,512 [INFO] Checking process PID 12380: C:\Users\pajic\AppData\Local\Programs\Opera GX\opera.exe --type=gpu-process --start-stack-profiler --with-feature:address-bar-dropdown-autocompleted-domains=off --with-feature:address-bar-dropdown-unfiltered-full=off --with-feature:amazon-new-ids=on --with-feature:cashback-assistant=off --with-feature:continue-on-booking=on --with-feature:continue-on-shopping-via-amp=off --with-feature:continue-shopping=on --with-feature:continue-shopping-2=on --with-feature:continue-shopping-5=on --with-feature:continue-shopping-explore=off --with-feature:continue-shopping-structured-partners=on --with-feature:feature-remote-disable-updates-testing-flag=off --with-feature:feature-remote-updates-testing-flag=on --with-feature:game-servers=off --with-feature:gx-post-mortem=on --with-feature:gx-reactinator=on --with-feature:gx-spotlight=on --with-feature:gx-video-to-phone=on --with-feature:lucid-mode-hide-text=on --with-feature:new-news-backend=on --with-feature:new-personal-news-backend=on --with-feature:panic-button=on --with-feature:password-generator=off --with-feature:play-again=on --with-feature:realtime-impressions-reporting=on --with-feature:run-at-startup-default=on --with-feature:sd-suggestions-external=on --with-feature:session-restore-attribution=on --with-feature:side-profiles=on --with-feature:sitecheck-age=on --with-feature:tiktok-panel=on --with-feature:ui-compositor-multithreaded=on --with-feature:installer-experiment-test=off --ab_tests=GXCTest10-ref:DNA-99214_GXCTest10 --gpu-preferences=UAAAAAAAAADgAAAEAAAAAAAAAAAAAAAAAABgAAAAAAAAAAAAAAAAAAAAAAACAAAAAAAAAAAAAAAAAAAAAAAAABAAAAAAAAAAEAAAAAAAAAAIAAAAAAAAAAgAAAAAAAAA --use-gl=angle --use-angle=swiftshader-webgl --field-trial-handle=2008,i,286716981099067088,18036163569385769869,262144 --disable-features=CertificateTransparencyAskBeforeEnabling,PlatformSoftwareH264EncoderInGpu --variations-seed-version --mojo-platform-channel-handle=2004 /prefetch:2
2025-02-24 20:23:22,522 [INFO] Checking process PID 12532: C:\WINDOWS\SystemApps\Microsoft.LockApp_cw5n1h2txyewy\LockApp.exe -ServerName:WindowsDefaultLockScreen.AppX7y4nbzq37zn4ks9k7amqjywdat7d3j2z.mca
2025-02-24 20:23:22,532 [INFO] Checking process PID 12864: C:\Users\pajic\AppData\Local\Programs\Opera GX\opera.exe --type=renderer --extension-process --with-feature:address-bar-dropdown-autocompleted-domains=off --with-feature:address-bar-dropdown-unfiltered-full=off --with-feature:amazon-new-ids=on --with-feature:cashback-assistant=off --with-feature:continue-on-booking=on --with-feature:continue-on-shopping-via-amp=off --with-feature:continue-shopping=on --with-feature:continue-shopping-2=on --with-feature:continue-shopping-5=on --with-feature:continue-shopping-explore=off --with-feature:continue-shopping-structured-partners=on --with-feature:feature-remote-disable-updates-testing-flag=off --with-feature:feature-remote-updates-testing-flag=on --with-feature:game-servers=off --with-feature:gx-post-mortem=on --with-feature:gx-reactinator=on --with-feature:gx-spotlight=on --with-feature:gx-video-to-phone=on --with-feature:lucid-mode-hide-text=on --with-feature:new-news-backend=on --with-feature:new-personal-news-backend=on --with-feature:panic-button=on --with-feature:password-generator=off --with-feature:play-again=on --with-feature:realtime-impressions-reporting=on --with-feature:run-at-startup-default=on --with-feature:sd-suggestions-external=on --with-feature:session-restore-attribution=on --with-feature:side-profiles=on --with-feature:sitecheck-age=on --with-feature:tiktok-panel=on --with-feature:ui-compositor-multithreaded=on --with-feature:installer-experiment-test=off --ab_tests=GXCTest10-ref:DNA-99214_GXCTest10 --disable-gpu-compositing --video-capture-use-gpu-memory-buffer --lang=en-US --device-scale-factor=1 --num-raster-threads=2 --enable-main-frame-before-activation --renderer-client-id=14 --time-ticks-at-unix-epoch=-1740423145203243 --launch-time-ticks=109108736 --field-trial-handle=5324,i,286716981099067088,18036163569385769869,262144 --disable-features=CertificateTransparencyAskBeforeEnabling,PlatformSoftwareH264EncoderInGpu --variations-seed-version --mojo-platform-channel-handle=5332 /prefetch:2
2025-02-24 20:23:22,560 [INFO] Checking process PID 13116: C:\WINDOWS\system32\XGameHelper.exe #Global\{3184FBDC-B93B-4346-8F66-186455440AA8}
2025-02-24 20:23:22,561 [INFO] Checking process PID 13184: C:\Users\pajic\AppData\Local\Programs\Opera GX\opera.exe --type=renderer --start-stack-profiler --with-feature:address-bar-dropdown-autocompleted-domains=off --with-feature:address-bar-dropdown-unfiltered-full=off --with-feature:amazon-new-ids=on --with-feature:cashback-assistant=off --with-feature:continue-on-booking=on --with-feature:continue-on-shopping-via-amp=off --with-feature:continue-shopping=on --with-feature:continue-shopping-2=on --with-feature:continue-shopping-5=on --with-feature:continue-shopping-explore=off --with-feature:continue-shopping-structured-partners=on --with-feature:feature-remote-disable-updates-testing-flag=off --with-feature:feature-remote-updates-testing-flag=on --with-feature:game-servers=off --with-feature:gx-post-mortem=on --with-feature:gx-reactinator=on --with-feature:gx-spotlight=on --with-feature:gx-video-to-phone=on --with-feature:lucid-mode-hide-text=on --with-feature:new-news-backend=on --with-feature:new-personal-news-backend=on --with-feature:panic-button=on --with-feature:password-generator=off --with-feature:play-again=on --with-feature:realtime-impressions-reporting=on --with-feature:run-at-startup-default=on --with-feature:sd-suggestions-external=on --with-feature:session-restore-attribution=on --with-feature:side-profiles=on --with-feature:sitecheck-age=on --with-feature:tiktok-panel=on --with-feature:ui-compositor-multithreaded=on --with-feature:installer-experiment-test=off --ab_tests=GXCTest10-ref:DNA-99214_GXCTest10 --disable-gpu-compositing --video-capture-use-gpu-memory-buffer --lang=en-US --device-scale-factor=1 --num-raster-threads=2 --enable-main-frame-before-activation --renderer-client-id=29 --time-ticks-at-unix-epoch=-1740423145203243 --launch-time-ticks=110370067 --field-trial-handle=8020,i,286716981099067088,18036163569385769869,262144 --disable-features=CertificateTransparencyAskBeforeEnabling,PlatformSoftwareH264EncoderInGpu --variations-seed-version --mojo-platform-channel-handle=7896 /prefetch:1
2025-02-24 20:23:22,562 [INFO] Checking process PID 13348: C:\Users\pajic\AppData\Roaming\Spotify\Spotify.exe --type=crashpad-handler /prefetch:4 --max-uploads=5 --max-db-size=20 --max-db-age=5 --monitor-self-annotation=ptype=crashpad-handler --database=C:\Users\pajic\AppData\Local\Spotify\User Data\Crashpad --url=https://crashdump.spotify.com:443/ --annotation=platform=win64 --annotation=product=spotify --annotation=version=1.2.57.463 --initial-client-data=0x3c4,0x3c8,0x3cc,0x3c0,0x3d0,0x7ffb21178fc8,0x7ffb21178fd4,0x7ffb21178fe0
2025-02-24 20:23:22,563 [INFO] Checking process PID 13360: C:\WINDOWS\system32\svchost.exe -k PrintWorkflow -s PrintWorkflowUserSvc
2025-02-24 20:23:22,563 [INFO] Checking process PID 13392: C:\Windows\System32\CompPkgSrv.exe -Embedding
2025-02-24 20:23:22,564 [INFO] Checking process PID 13476: C:\Program Files (x86)\Steam\bin\cef\cef.win7x64\steamwebhelper.exe --type=utility --utility-sub-type=storage.mojom.StorageService --lang=en-GB --service-sandbox-type=service --user-agent-product=Valve Steam Client --lang=en-001 --user-data-dir=C:\Users\pajic\AppData\Local\Steam\htmlcache --buildid=1738026274 --steamid=0 --field-trial-handle=3108,i,14148986855062707980,9458548988548929348,262144 --enable-features=PlatformHEVCDecoderSupport --disable-features=BackForwardCache,DcheckIsFatal,DocumentPictureInPictureAPI,SpareRendererForSitePerProcess,ValveFFmpegAllowLowDelayHEVC --variations-seed-version --enable-logging=handle --log-file=3220 --mojo-platform-channel-handle=3140 /prefetch:8
2025-02-24 20:23:22,564 [INFO] Checking process PID 13516: C:\Windows\System32\RuntimeBroker.exe -Embedding
2025-02-24 20:23:22,565 [INFO] Checking process PID 13608: C:\Windows\System32\RtkAudUService64.exe -background
2025-02-24 20:23:22,565 [INFO] Checking process PID 13660: C:\Users\pajic\AppData\Local\Discord\app-1.0.9183\Discord.exe --start-minimized
2025-02-24 20:23:22,566 [INFO] Checking process PID 13664: C:\Windows\System32\RuntimeBroker.exe -Embedding
2025-02-24 20:23:22,575 [INFO] Checking process PID 14108: C:\Program Files (x86)\Steam\steam.exe -silent
2025-02-24 20:23:22,576 [INFO] Checking process PID 14176: \\?\C:\WINDOWS\system32\conhost.exe --headless --width 275 --height 14 --signal 0x404 --server 0x4e0
2025-02-24 20:23:22,576 [INFO] Checking process PID 14184: C:\Program Files (x86)\Steam\bin\cef\cef.win7x64\steamwebhelper.exe --type=renderer --user-agent-product=Valve Steam Client --user-data-dir=C:\Users\pajic\AppData\Local\Steam\htmlcache --buildid=1738026274 --steamid=0 --remote-debugging-port=8080 --lang=en-GB --device-scale-factor=1 --num-raster-threads=2 --enable-main-frame-before-activation --renderer-client-id=7 --time-ticks-at-unix-epoch=-1740423145202742 --launch-time-ticks=84852694 --field-trial-handle=4488,i,14148986855062707980,9458548988548929348,262144 --enable-features=PlatformHEVCDecoderSupport --disable-features=BackForwardCache,DcheckIsFatal,DocumentPictureInPictureAPI,SpareRendererForSitePerProcess,ValveFFmpegAllowLowDelayHEVC --variations-seed-version --enable-logging=handle --log-file=5012 --mojo-platform-channel-handle=4792 /prefetch:1
2025-02-24 20:23:22,577 [INFO] Checking process PID 14212: C:\Users\pajic\AppData\Roaming\Spotify\Spotify.exe --type=utility --utility-sub-type=network.mojom.NetworkService --lang=en-US --service-sandbox-type=none --string-annotations=is-enterprise-managed=yes --start-stack-profiler --user-data-dir=C:\Users\pajic\AppData\Local\Spotify --log-severity=disable --user-agent-product=Chrome/131.0.6778.109 Spotify/1.2.57.463 --field-trial-handle=2184,i,971949478845103247,9643371070948757693,262144 --disable-features=BackForwardCache,PartitionAllocDanglingPtr,PartitionAllocUnretainedDanglingPtr --variations-seed-version --enable-logging=handle --log-file=1968 --mojo-platform-channel-handle=2428 /prefetch:3
2025-02-24 20:23:22,578 [INFO] Checking process PID 14272: C:\Windows\System32\RuntimeBroker.exe -Embedding
2025-02-24 20:23:22,578 [INFO] Checking process PID 14344: C:\Users\pajic\AppData\Roaming\Spotify\Spotify.exe --type=renderer --string-annotations=is-enterprise-managed=yes --enable-dinosaur-easter-egg-alt-images --user-data-dir=C:\Users\pajic\AppData\Local\Spotify --log-severity=disable --user-agent-product=Chrome/131.0.6778.109 Spotify/1.2.57.463 --autoplay-policy=no-user-gesture-required --video-capture-use-gpu-memory-buffer --lang=en-US --device-scale-factor=1 --num-raster-threads=2 --enable-main-frame-before-activation --renderer-client-id=6 --time-ticks-at-unix-epoch=-1740423145203242 --launch-time-ticks=58892557 --field-trial-handle=5656,i,971949478845103247,9643371070948757693,262144 --disable-features=BackForwardCache,PartitionAllocDanglingPtr,PartitionAllocUnretainedDanglingPtr --variations-seed-version --enable-logging=handle --log-file=5684 --mojo-platform-channel-handle=5680 /prefetch:1
2025-02-24 20:23:22,579 [INFO] Checking process PID 14396: C:\Program Files\Microsoft Office\Root\Office16\EXCEL.EXE C:\Users\pajic\OneDrive\Desktop\Pandahut Wipes.xlsx
2025-02-24 20:23:22,579 [INFO] Checking process PID 14416: C:\Windows\System32\RuntimeBroker.exe -Embedding
2025-02-24 20:23:22,580 [INFO] Checking process PID 14504: C:\Windows\System32\RuntimeBroker.exe -Embedding
2025-02-24 20:23:22,580 [INFO] Checking process PID 14588: C:\Program Files (x86)\Skillbrains\lightshot\5.5.0.7\Lightshot.exe
2025-02-24 20:23:22,580 [INFO] Checking process PID 14672: E:\GSkill\Trident Z Lighting Control\hid.exe
2025-02-24 20:23:22,581 [INFO] Checking process PID 14700: C:\Users\pajic\AppData\Roaming\Spotify\Spotify.exe --type=utility --utility-sub-type=media.mojom.CdmServiceBroker --lang=en-US --service-sandbox-type=cdm --video-capture-use-gpu-memory-buffer --string-annotations=is-enterprise-managed=yes --user-data-dir=C:\Users\pajic\AppData\Local\Spotify --log-severity=disable --user-agent-product=Chrome/131.0.6778.109 Spotify/1.2.57.463 --field-trial-handle=7268,i,971949478845103247,9643371070948757693,262144 --disable-features=BackForwardCache,PartitionAllocDanglingPtr,PartitionAllocUnretainedDanglingPtr --variations-seed-version --enable-logging=handle --log-file=6844 --mojo-platform-channel-handle=7492 /prefetch:8
2025-02-24 20:23:22,582 [INFO] Checking process PID 14772: C:\Program Files (x86)\Steam\bin\cef\cef.win7x64\steamwebhelper.exe -nocrashdialog -lang=en_US -cachedir=C:\Users\pajic\AppData\Local\Steam\htmlcache -steampid=14108 -buildid=1738026274 -steamid=0 -logdir=C:\Program Files (x86)\Steam\logs -uimode=7 -startcount=0 -steamuniverse=Public -realm=Global -clientui=C:\Program Files (x86)\Steam\clientui -steampath=C:\Program Files (x86)\Steam\steam.exe -launcher=0 --valve-enable-site-isolation --remote-allow-origins=* --remote-debugging-address=127.0.0.1 --remote-debugging-port=8080 --enable-smooth-scrolling --enable-direct-write --log-file=C:\Program Files (x86)\Steam\logs\cef_log.txt --disable-quick-menu --enable-features=PlatformHEVCDecoderSupport --disable-features=SpareRendererForSitePerProcess,DcheckIsFatal,ValveFFmpegAllowLowDelayHEVC
2025-02-24 20:23:22,592 [INFO] Checking process PID 15052: C:\WINDOWS\system32\AUDIODG.EXE 0x60c
2025-02-24 20:23:22,592 [INFO] Checking process PID 15084: C:\WINDOWS\system32\ApplicationFrameHost.exe -Embedding
2025-02-24 20:23:22,593 [INFO] Checking process PID 15156: C:\Users\pajic\AppData\Local\Discord\app-1.0.9183\Discord.exe --type=crashpad-handler --user-data-dir=C:\Users\pajic\AppData\Roaming\discord /prefetch:4 --no-rate-limit --monitor-self-annotation=ptype=crashpad-handler --database=C:\Users\pajic\AppData\Roaming\discord\Crashpad --url=https://f.a.k/e --annotation=_productName=discord --annotation=_version=1.0.9183 --annotation=plat=Win64 --annotation=prod=Electron --annotation=ver=33.4.0 --initial-client-data=0x55c,0x560,0x564,0x550,0x568,0x7ff6725f4bfc,0x7ff6725f4c08,0x7ff6725f4c18
2025-02-24 20:23:22,593 [INFO] Checking process PID 15172: C:\Users\pajic\AppData\Local\Programs\Opera GX\opera.exe --type=renderer --start-stack-profiler --with-feature:address-bar-dropdown-autocompleted-domains=off --with-feature:address-bar-dropdown-unfiltered-full=off --with-feature:amazon-new-ids=on --with-feature:cashback-assistant=off --with-feature:continue-on-booking=on --with-feature:continue-on-shopping-via-amp=off --with-feature:continue-shopping=on --with-feature:continue-shopping-2=on --with-feature:continue-shopping-5=on --with-feature:continue-shopping-explore=off --with-feature:continue-shopping-structured-partners=on --with-feature:feature-remote-disable-updates-testing-flag=off --with-feature:feature-remote-updates-testing-flag=on --with-feature:game-servers=off --with-feature:gx-post-mortem=on --with-feature:gx-reactinator=on --with-feature:gx-spotlight=on --with-feature:gx-video-to-phone=on --with-feature:lucid-mode-hide-text=on --with-feature:new-news-backend=on --with-feature:new-personal-news-backend=on --with-feature:panic-button=on --with-feature:password-generator=off --with-feature:play-again=on --with-feature:realtime-impressions-reporting=on --with-feature:run-at-startup-default=on --with-feature:sd-suggestions-external=on --with-feature:session-restore-attribution=on --with-feature:side-profiles=on --with-feature:sitecheck-age=on --with-feature:tiktok-panel=on --with-feature:ui-compositor-multithreaded=on --with-feature:installer-experiment-test=off --ab_tests=GXCTest10-ref:DNA-99214_GXCTest10 --disable-gpu-compositing --video-capture-use-gpu-memory-buffer --lang=en-US --device-scale-factor=1 --num-raster-threads=2 --enable-main-frame-before-activation --renderer-client-id=53 --time-ticks-at-unix-epoch=-1740423145203243 --launch-time-ticks=1115909231 --field-trial-handle=5864,i,286716981099067088,18036163569385769869,262144 --disable-features=CertificateTransparencyAskBeforeEnabling,PlatformSoftwareH264EncoderInGpu --variations-seed-version --mojo-platform-channel-handle=5812 /prefetch:1
2025-02-24 20:23:22,594 [INFO] Checking process PID 15316: C:\Users\pajic\AppData\Local\Discord\app-1.0.9183\Discord.exe --type=gpu-process --user-data-dir=C:\Users\pajic\AppData\Roaming\discord --gpu-preferences=UAAAAAAAAADgAAAEAAAAAAAAAAAAAAAAAABgAAEAAAAAAAAAAAAAAAAAAAACAAAAAAAAAAAAAAAAAAAAAAAAABAAAAAAAAAAEAAAAAAAAAAIAAAAAAAAAAgAAAAAAAAA --field-trial-handle=2204,i,10951739047815404222,14100511552463003337,262144 --disable-features=AllowAggressiveThrottlingWithWebSocket,AllowAggressiveThrottlingWithWebSocketWinRetrieveSuggestionsOnlyOnDemand,HardwareMediaKeyHandling,IntensiveWakeUpThrottling,MediaSessionService,SpareRendererForSitePerProcess,UseEcoQoSForBackgroundProcess,WidgetLayering,WinDelaySpellcheckServiceInit,WinRetrieveSuggestionsOnlyOnDemand --variations-seed-version --mojo-platform-channel-handle=2192 /prefetch:2
2025-02-24 20:23:22,595 [INFO] Checking process PID 15356: C:\Users\pajic\AppData\Local\Discord\app-1.0.9183\Discord.exe --type=utility --utility-sub-type=network.mojom.NetworkService --lang=en-US --service-sandbox-type=none --user-data-dir=C:\Users\pajic\AppData\Roaming\discord --secure-schemes=disclip,sentry-ipc --bypasscsp-schemes=sentry-ipc --cors-schemes=sentry-ipc --fetch-schemes=disclip,sentry-ipc --field-trial-handle=2644,i,10951739047815404222,14100511552463003337,262144 --disable-features=AllowAggressiveThrottlingWithWebSocket,AllowAggressiveThrottlingWithWebSocketWinRetrieveSuggestionsOnlyOnDemand,HardwareMediaKeyHandling,IntensiveWakeUpThrottling,MediaSessionService,SpareRendererForSitePerProcess,UseEcoQoSForBackgroundProcess,WidgetLayering,WinDelaySpellcheckServiceInit,WinRetrieveSuggestionsOnlyOnDemand --variations-seed-version --mojo-platform-channel-handle=2640 /prefetch:3
2025-02-24 20:23:22,603 [INFO] Checking process PID 15412: C:\Users\pajic\AppData\Local\Programs\Python\Python311\python.exe e:/Git Repos/Main Bot Files/stop_bot.py
2025-02-24 20:23:22,604 [INFO] Stopping bot process (PID: 15412)...
2025-02-24 20:24:35,562 [INFO] Bot script started.
2025-02-24 20:24:35,564 [INFO] Starting bot with enhanced error handling...
2025-02-24 20:24:35,565 [INFO] logging in using static token
2025-02-24 20:24:36,054 [INFO] Setting up bot hooks...
2025-02-24 20:24:36,876 [INFO] Bot hooks setup complete
2025-02-24 20:24:37,327 [INFO] Shard ID None has connected to Gateway (Session ID: e3ba642f3cea43c74b3ea806f18954d3).
2025-02-24 20:24:39,368 [INFO] Bot is ready! Logged in as Dsod's Music Bot
2025-02-24 20:24:39,369 [INFO] 
Currently registered commands:
2025-02-24 20:24:39,369 [INFO] - /play
2025-02-24 20:24:39,370 [INFO] - /queue
2025-02-24 20:24:39,370 [INFO] - /pause
2025-02-24 20:24:39,370 [INFO] - /skip
2025-02-24 20:24:39,371 [INFO] - /stop
2025-02-24 20:24:39,371 [INFO] - /help
2025-02-24 20:24:39,371 [INFO] - /skipqueue
2025-02-24 20:24:39,371 [INFO] 
Invite the bot using this link to ensure proper permissions:
2025-02-24 20:24:39,372 [INFO] https://discord.com/oauth2/authorize?client_id=1340103701980774511&scope=bot+applications.commands&permissions=2184285248
2025-02-24 20:24:39,372 [INFO] 
Starting global command sync...
2025-02-24 20:24:39,565 [INFO] Found 7 existing global commands
2025-02-24 20:24:39,839 [INFO] Successfully synced 7 commands globally:
2025-02-24 20:24:39,839 [INFO] - /play: Play music from YouTube URL, Spotify URL (tracks, playlists, albums), or search query
2025-02-24 20:24:39,840 [INFO] - /queue: Display the current queue
2025-02-24 20:24:39,840 [INFO] - /pause: Pause or resume the current song
2025-02-24 20:24:39,841 [INFO] - /skip: Skip the current song and play the next one
2025-02-24 20:24:39,841 [INFO] - /stop: Stop playback and clear the queue
2025-02-24 20:24:39,842 [INFO] - /help: Show all available commands and their descriptions
2025-02-24 20:24:39,842 [INFO] - /skipqueue: Skip songs in the queue without affecting the current song
2025-02-24 20:24:44,693 [INFO] Checking process PID 460: C:\Users\pajic\AppData\Local\Programs\Opera GX\116.0.5366.148\opera_crashreporter.exe --type=crashpad-handler /prefetch:4 --monitor-self-annotation=ptype=crashpad-handler --database=C:\Users\pajic\AppData\Roaming\Opera Software\Opera GX Stable\Crash Reports --crash-count-file=C:\Users\pajic\AppData\Roaming\Opera Software\Opera GX Stable\crash_count.txt --url=https://crashstats-collector-2.opera.com/ --annotation=channel=Stable --annotation=plat=Win64 --annotation=prod=OperaDesktopGX --annotation=ver=116.0.5366.148 --initial-client-data=0x1f0,0x1f4,0x1f8,0x1ec,0x1fc,0x7ffaecd8c398,0x7ffaecd8c3a8,0x7ffaecd8c3b8
2025-02-24 20:24:44,753 [INFO] Checking process PID 880: C:\Users\pajic\AppData\Roaming\Spotify\Spotify.exe --type=gpu-process --string-annotations=is-enterprise-managed=yes --start-stack-profiler --user-data-dir=C:\Users\pajic\AppData\Local\Spotify --log-severity=disable --user-agent-product=Chrome/131.0.6778.109 Spotify/1.2.57.463 --gpu-preferences=UAAAAAAAAADgAAAEAAAAAAAAAAAAAAAAAABgAAEAAAAAAAAAAAAAAAAAAAACAAAAAAAAAAAAAAAAAAAAAAAAABAAAAAAAAAAEAAAAAAAAAAIAAAAAAAAAAgAAAAAAAAA --field-trial-handle=2120,i,971949478845103247,9643371070948757693,262144 --disable-features=BackForwardCache,PartitionAllocDanglingPtr,PartitionAllocUnretainedDanglingPtr --variations-seed-version --enable-logging=handle --log-file=2128 --mojo-platform-channel-handle=2112 /prefetch:2
2025-02-24 20:24:44,753 [INFO] Checking process PID 968: E:\Microsoft VS Code\Code.exe --type=crashpad-handler --user-data-dir=C:\Users\pajic\AppData\Roaming\Code /prefetch:4 --no-rate-limit --monitor-self-annotation=ptype=crashpad-handler --database=C:\Users\pajic\AppData\Roaming\Code\Crashpad --url=appcenter://code?aid=a4e3233c-699c-46ec-b4f4-9c2a77254662&uid=6e427c5b-ba8f-49af-9edd-1b1f7723a46c&iid=6e427c5b-ba8f-49af-9edd-1b1f7723a46c&sid=6e427c5b-ba8f-49af-9edd-1b1f7723a46c --annotation=_companyName=Microsoft --annotation=_productName=VSCode --annotation=_version=1.97.2 --annotation=plat=Win64 --annotation=prod=Electron --annotation=ver=32.2.7 --initial-client-data=0x480,0x484,0x488,0x460,0x48c,0x7ff7667d60b8,0x7ff7667d60c4,0x7ff7667d60d0
2025-02-24 20:24:44,788 [INFO] Checking process PID 1256: C:\Users\pajic\AppData\Roaming\Spotify\Spotify.exe --type=utility --utility-sub-type=storage.mojom.StorageService --lang=en-US --service-sandbox-type=service --string-annotations=is-enterprise-managed=yes --user-data-dir=C:\Users\pajic\AppData\Local\Spotify --log-severity=disable --user-agent-product=Chrome/131.0.6778.109 Spotify/1.2.57.463 --field-trial-handle=2568,i,971949478845103247,9643371070948757693,262144 --disable-features=BackForwardCache,PartitionAllocDanglingPtr,PartitionAllocUnretainedDanglingPtr --variations-seed-version --enable-logging=handle --log-file=1996 --mojo-platform-channel-handle=2004 /prefetch:8
2025-02-24 20:24:44,789 [INFO] Checking process PID 1268: C:\Users\pajic\AppData\Local\Programs\Opera GX\opera.exe --type=renderer --extension-process --with-feature:address-bar-dropdown-autocompleted-domains=off --with-feature:address-bar-dropdown-unfiltered-full=off --with-feature:amazon-new-ids=on --with-feature:cashback-assistant=off --with-feature:continue-on-booking=on --with-feature:continue-on-shopping-via-amp=off --with-feature:continue-shopping=on --with-feature:continue-shopping-2=on --with-feature:continue-shopping-5=on --with-feature:continue-shopping-explore=off --with-feature:continue-shopping-structured-partners=on --with-feature:feature-remote-disable-updates-testing-flag=off --with-feature:feature-remote-updates-testing-flag=on --with-feature:game-servers=off --with-feature:gx-post-mortem=on --with-feature:gx-reactinator=on --with-feature:gx-spotlight=on --with-feature:gx-video-to-phone=on --with-feature:lucid-mode-hide-text=on --with-feature:new-news-backend=on --with-feature:new-personal-news-backend=on --with-feature:panic-button=on --with-feature:password-generator=off --with-feature:play-again=on --with-feature:realtime-impressions-reporting=on --with-feature:run-at-startup-default=on --with-feature:sd-suggestions-external=on --with-feature:session-restore-attribution=on --with-feature:side-profiles=on --with-feature:sitecheck-age=on --with-feature:tiktok-panel=on --with-feature:ui-compositor-multithreaded=on --with-feature:installer-experiment-test=off --ab_tests=GXCTest10-ref:DNA-99214_GXCTest10 --disable-gpu-compositing --video-capture-use-gpu-memory-buffer --lang=en-US --device-scale-factor=1 --num-raster-threads=2 --enable-main-frame-before-activation --renderer-client-id=6 --time-ticks-at-unix-epoch=-1740423145203243 --launch-time-ticks=109622875 --field-trial-handle=6052,i,286716981099067088,18036163569385769869,262144 --disable-features=CertificateTransparencyAskBeforeEnabling,PlatformSoftwareH264EncoderInGpu --variations-seed-version --mojo-platform-channel-handle=6040 /prefetch:2
2025-02-24 20:24:44,902 [INFO] Checking process PID 1972: E:\Microsoft VS Code\Code.exe E:\Git Repos\Main Bot Files
2025-02-24 20:24:44,949 [INFO] Checking process PID 2292: sihost.exe
2025-02-24 20:24:45,082 [INFO] Checking process PID 3536: E:\Microsoft VS Code\Code.exe --type=utility --utility-sub-type=node.mojom.NodeService --lang=en-US --service-sandbox-type=none --video-capture-use-gpu-memory-buffer --user-data-dir=C:\Users\pajic\AppData\Roaming\Code --standard-schemes=vscode-webview,vscode-file --enable-sandbox --secure-schemes=vscode-webview,vscode-file --cors-schemes=vscode-webview,vscode-file --fetch-schemes=vscode-webview,vscode-file --service-worker-schemes=vscode-webview --code-cache-schemes=vscode-webview,vscode-file --field-trial-handle=4548,i,689960876626091210,15110206390915688219,262144 --disable-features=CalculateNativeWinOcclusion,PlzDedicatedWorker,SpareRendererForSitePerProcess,WinDelaySpellcheckServiceInit,WinRetrieveSuggestionsOnlyOnDemand --variations-seed-version --mojo-platform-channel-handle=4544 /prefetch:8
2025-02-24 20:24:45,247 [INFO] Checking process PID 4524: C:\Windows\ImmersiveControlPanel\SystemSettings.exe -ServerName:microsoft.windows.immersivecontrolpanel
2025-02-24 20:24:45,284 [INFO] Checking process PID 5236: C:\Users\pajic\AppData\Local\Programs\Python\Python311\python.exe e:/Git Repos/Main Bot Files/stop_bot.py
2025-02-24 20:24:45,285 [INFO] Stopping bot process (PID: 5236)...
2025-02-24 20:26:51,687 [INFO] Checking process PID 460: C:\Users\pajic\AppData\Local\Programs\Opera GX\116.0.5366.148\opera_crashreporter.exe --type=crashpad-handler /prefetch:4 --monitor-self-annotation=ptype=crashpad-handler --database=C:\Users\pajic\AppData\Roaming\Opera Software\Opera GX Stable\Crash Reports --crash-count-file=C:\Users\pajic\AppData\Roaming\Opera Software\Opera GX Stable\crash_count.txt --url=https://crashstats-collector-2.opera.com/ --annotation=channel=Stable --annotation=plat=Win64 --annotation=prod=OperaDesktopGX --annotation=ver=116.0.5366.148 --initial-client-data=0x1f0,0x1f4,0x1f8,0x1ec,0x1fc,0x7ffaecd8c398,0x7ffaecd8c3a8,0x7ffaecd8c3b8
2025-02-24 20:26:51,736 [INFO] Checking process PID 880: C:\Users\pajic\AppData\Roaming\Spotify\Spotify.exe --type=gpu-process --string-annotations=is-enterprise-managed=yes --start-stack-profiler --user-data-dir=C:\Users\pajic\AppData\Local\Spotify --log-severity=disable --user-agent-product=Chrome/131.0.6778.109 Spotify/1.2.57.463 --gpu-preferences=UAAAAAAAAADgAAAEAAAAAAAAAAAAAAAAAABgAAEAAAAAAAAAAAAAAAAAAAACAAAAAAAAAAAAAAAAAAAAAAAAABAAAAAAAAAAEAAAAAAAAAAIAAAAAAAAAAgAAAAAAAAA --field-trial-handle=2120,i,971949478845103247,9643371070948757693,262144 --disable-features=BackForwardCache,PartitionAllocDanglingPtr,PartitionAllocUnretainedDanglingPtr --variations-seed-version --enable-logging=handle --log-file=2128 --mojo-platform-channel-handle=2112 /prefetch:2
2025-02-24 20:26:51,737 [INFO] Checking process PID 968: E:\Microsoft VS Code\Code.exe --type=crashpad-handler --user-data-dir=C:\Users\pajic\AppData\Roaming\Code /prefetch:4 --no-rate-limit --monitor-self-annotation=ptype=crashpad-handler --database=C:\Users\pajic\AppData\Roaming\Code\Crashpad --url=appcenter://code?aid=a4e3233c-699c-46ec-b4f4-9c2a77254662&uid=6e427c5b-ba8f-49af-9edd-1b1f7723a46c&iid=6e427c5b-ba8f-49af-9edd-1b1f7723a46c&sid=6e427c5b-ba8f-49af-9edd-1b1f7723a46c --annotation=_companyName=Microsoft --annotation=_productName=VSCode --annotation=_version=1.97.2 --annotation=plat=Win64 --annotation=prod=Electron --annotation=ver=32.2.7 --initial-client-data=0x480,0x484,0x488,0x460,0x48c,0x7ff7667d60b8,0x7ff7667d60c4,0x7ff7667d60d0
2025-02-24 20:26:51,775 [INFO] Checking process PID 1256: C:\Users\pajic\AppData\Roaming\Spotify\Spotify.exe --type=utility --utility-sub-type=storage.mojom.StorageService --lang=en-US --service-sandbox-type=service --string-annotations=is-enterprise-managed=yes --user-data-dir=C:\Users\pajic\AppData\Local\Spotify --log-severity=disable --user-agent-product=Chrome/131.0.6778.109 Spotify/1.2.57.463 --field-trial-handle=2568,i,971949478845103247,9643371070948757693,262144 --disable-features=BackForwardCache,PartitionAllocDanglingPtr,PartitionAllocUnretainedDanglingPtr --variations-seed-version --enable-logging=handle --log-file=1996 --mojo-platform-channel-handle=2004 /prefetch:8
2025-02-24 20:26:51,776 [INFO] Checking process PID 1268: C:\Users\pajic\AppData\Local\Programs\Opera GX\opera.exe --type=renderer --extension-process --with-feature:address-bar-dropdown-autocompleted-domains=off --with-feature:address-bar-dropdown-unfiltered-full=off --with-feature:amazon-new-ids=on --with-feature:cashback-assistant=off --with-feature:continue-on-booking=on --with-feature:continue-on-shopping-via-amp=off --with-feature:continue-shopping=on --with-feature:continue-shopping-2=on --with-feature:continue-shopping-5=on --with-feature:continue-shopping-explore=off --with-feature:continue-shopping-structured-partners=on --with-feature:feature-remote-disable-updates-testing-flag=off --with-feature:feature-remote-updates-testing-flag=on --with-feature:game-servers=off --with-feature:gx-post-mortem=on --with-feature:gx-reactinator=on --with-feature:gx-spotlight=on --with-feature:gx-video-to-phone=on --with-feature:lucid-mode-hide-text=on --with-feature:new-news-backend=on --with-feature:new-personal-news-backend=on --with-feature:panic-button=on --with-feature:password-generator=off --with-feature:play-again=on --with-feature:realtime-impressions-reporting=on --with-feature:run-at-startup-default=on --with-feature:sd-suggestions-external=on --with-feature:session-restore-attribution=on --with-feature:side-profiles=on --with-feature:sitecheck-age=on --with-feature:tiktok-panel=on --with-feature:ui-compositor-multithreaded=on --with-feature:installer-experiment-test=off --ab_tests=GXCTest10-ref:DNA-99214_GXCTest10 --disable-gpu-compositing --video-capture-use-gpu-memory-buffer --lang=en-US --device-scale-factor=1 --num-raster-threads=2 --enable-main-frame-before-activation --renderer-client-id=6 --time-ticks-at-unix-epoch=-1740423145203243 --launch-time-ticks=109622875 --field-trial-handle=6052,i,286716981099067088,18036163569385769869,262144 --disable-features=CertificateTransparencyAskBeforeEnabling,PlatformSoftwareH264EncoderInGpu --variations-seed-version --mojo-platform-channel-handle=6040 /prefetch:2
2025-02-24 20:26:51,892 [INFO] Checking process PID 1972: E:\Microsoft VS Code\Code.exe E:\Git Repos\Main Bot Files
2025-02-24 20:26:51,939 [INFO] Checking process PID 2292: sihost.exe
2025-02-24 20:26:52,106 [INFO] Checking process PID 3536: E:\Microsoft VS Code\Code.exe --type=utility --utility-sub-type=node.mojom.NodeService --lang=en-US --service-sandbox-type=none --video-capture-use-gpu-memory-buffer --user-data-dir=C:\Users\pajic\AppData\Roaming\Code --standard-schemes=vscode-webview,vscode-file --enable-sandbox --secure-schemes=vscode-webview,vscode-file --cors-schemes=vscode-webview,vscode-file --fetch-schemes=vscode-webview,vscode-file --service-worker-schemes=vscode-webview --code-cache-schemes=vscode-webview,vscode-file --field-trial-handle=4548,i,689960876626091210,15110206390915688219,262144 --disable-features=CalculateNativeWinOcclusion,PlzDedicatedWorker,SpareRendererForSitePerProcess,WinDelaySpellcheckServiceInit,WinRetrieveSuggestionsOnlyOnDemand --variations-seed-version --mojo-platform-channel-handle=4544 /prefetch:8
2025-02-24 20:26:52,296 [INFO] Checking process PID 4524: C:\Windows\ImmersiveControlPanel\SystemSettings.exe -ServerName:microsoft.windows.immersivecontrolpanel
2025-02-24 20:26:52,375 [INFO] Checking process PID 5568: E:\SteamLibrary\steamapps\common\wallpaper_engine\wallpaper32.exe -safe -silent -service
2025-02-24 20:26:52,376 [INFO] Checking process PID 5656: C:\WINDOWS\System32\WindowsPowerShell\v1.0\powershell.exe -noexit -command try { . "e:\Microsoft VS Code\resources\app\out\vs\workbench\contrib\terminal\common\scripts\shellIntegration.ps1" } catch {}
2025-02-24 20:26:52,377 [INFO] Checking process PID 5688: C:\WINDOWS\System32\WindowsPowerShell\v1.0\powershell.exe -noexit -command try { . "e:\Microsoft VS Code\resources\app\out\vs\workbench\contrib\terminal\common\scripts\shellIntegration.ps1" } catch {}
2025-02-24 20:26:52,384 [INFO] Checking process PID 6032: C:\WINDOWS\system32\svchost.exe -k UnistackSvcGroup -s CDPUserSvc
2025-02-24 20:26:52,393 [INFO] Checking process PID 6072: C:\Users\pajic\AppData\Local\Programs\Opera GX\opera.exe
2025-02-24 20:26:52,393 [INFO] Checking process PID 6124: \\?\C:\WINDOWS\system32\conhost.exe --headless --width 275 --height 14 --signal 0x4e0 --server 0x4f0
2025-02-24 20:26:52,394 [INFO] Checking process PID 6236: C:\WINDOWS\System32\WindowsPowerShell\v1.0\powershell.exe -noexit -command try { . "e:\Microsoft VS Code\resources\app\out\vs\workbench\contrib\terminal\common\scripts\shellIntegration.ps1" } catch {}
2025-02-24 20:26:52,394 [INFO] Checking process PID 6316: C:\Program Files\WindowsApps\28017CharlesMilette.TranslucentTB_2024.3.0.0_x64__v826wp6bftszj\TranslucentTB.exe
2025-02-24 20:26:52,411 [INFO] Checking process PID 6672: C:\WINDOWS\SystemApps\MicrosoftWindows.Client.CBS_cw5n1h2txyewy\TextInputHost.exe -ServerName:InputApp.AppXk0k6mrh4r2q0ct33a9wgbez0x7v9cz5y.mca
2025-02-24 20:26:52,420 [INFO] Checking process PID 6880: C:\Users\pajic\AppData\Local\Programs\Opera GX\opera.exe --type=renderer --extension-process --with-feature:address-bar-dropdown-autocompleted-domains=off --with-feature:address-bar-dropdown-unfiltered-full=off --with-feature:amazon-new-ids=on --with-feature:cashback-assistant=off --with-feature:continue-on-booking=on --with-feature:continue-on-shopping-via-amp=off --with-feature:continue-shopping=on --with-feature:continue-shopping-2=on --with-feature:continue-shopping-5=on --with-feature:continue-shopping-explore=off --with-feature:continue-shopping-structured-partners=on --with-feature:feature-remote-disable-updates-testing-flag=off --with-feature:feature-remote-updates-testing-flag=on --with-feature:game-servers=off --with-feature:gx-post-mortem=on --with-feature:gx-reactinator=on --with-feature:gx-spotlight=on --with-feature:gx-video-to-phone=on --with-feature:lucid-mode-hide-text=on --with-feature:new-news-backend=on --with-feature:new-personal-news-backend=on --with-feature:panic-button=on --with-feature:password-generator=off --with-feature:play-again=on --with-feature:realtime-impressions-reporting=on --with-feature:run-at-startup-default=on --with-feature:sd-suggestions-external=on --with-feature:session-restore-attribution=on --with-feature:side-profiles=on --with-feature:sitecheck-age=on --with-feature:tiktok-panel=on --with-feature:ui-compositor-multithreaded=on --with-feature:installer-experiment-test=off --ab_tests=GXCTest10-ref:DNA-99214_GXCTest10 --disable-gpu-compositing --video-capture-use-gpu-memory-buffer --lang=en-US --device-scale-factor=1 --num-raster-threads=2 --enable-main-frame-before-activation --renderer-client-id=11 --time-ticks-at-unix-epoch=-1740423145203243 --launch-time-ticks=109771708 --field-trial-handle=7428,i,286716981099067088,18036163569385769869,262144 --disable-features=CertificateTransparencyAskBeforeEnabling,PlatformSoftwareH264EncoderInGpu --variations-seed-version --mojo-platform-channel-handle=7476 /prefetch:2
2025-02-24 20:26:52,422 [INFO] Checking process PID 7504: C:\WINDOWS\system32\svchost.exe -k UnistackSvcGroup -s WpnUserService
2025-02-24 20:26:52,423 [INFO] Checking process PID 7592: taskhostw.exe USER
2025-02-24 20:26:52,423 [INFO] Checking process PID 7608: taskhostw.exe {222A245B-E637-4AE9-A93F-A59CA119A75E}
2025-02-24 20:26:52,439 [INFO] Checking process PID 7832: ctfmon.exe
2025-02-24 20:26:52,440 [INFO] Checking process PID 7856: C:\Program Files\TaskBarX\TaskbarX.exe
2025-02-24 20:26:52,463 [INFO] Checking process PID 8124: E:\Microsoft VS Code\Code.exe e:\Microsoft VS Code\resources\app\extensions\json-language-features\server\dist\node\jsonServerMain --node-ipc --clientProcessId=17128
2025-02-24 20:26:52,464 [INFO] Checking process PID 8176: C:\WINDOWS\Explorer.EXE
2025-02-24 20:26:52,480 [INFO] Checking process PID 8356: C:\Users\pajic\AppData\Local\Programs\Opera GX\opera.exe --type=renderer --with-feature:address-bar-dropdown-autocompleted-domains=off --with-feature:address-bar-dropdown-unfiltered-full=off --with-feature:amazon-new-ids=on --with-feature:cashback-assistant=off --with-feature:continue-on-booking=on --with-feature:continue-on-shopping-via-amp=off --with-feature:continue-shopping=on --with-feature:continue-shopping-2=on --with-feature:continue-shopping-5=on --with-feature:continue-shopping-explore=off --with-feature:continue-shopping-structured-partners=on --with-feature:feature-remote-disable-updates-testing-flag=off --with-feature:feature-remote-updates-testing-flag=on --with-feature:game-servers=off --with-feature:gx-post-mortem=on --with-feature:gx-reactinator=on --with-feature:gx-spotlight=on --with-feature:gx-video-to-phone=on --with-feature:lucid-mode-hide-text=on --with-feature:new-news-backend=on --with-feature:new-personal-news-backend=on --with-feature:panic-button=on --with-feature:password-generator=off --with-feature:play-again=on --with-feature:realtime-impressions-reporting=on --with-feature:run-at-startup-default=on --with-feature:sd-suggestions-external=on --with-feature:session-restore-attribution=on --with-feature:side-profiles=on --with-feature:sitecheck-age=on --with-feature:tiktok-panel=on --with-feature:ui-compositor-multithreaded=on --with-feature:installer-experiment-test=off --ab_tests=GXCTest10-ref:DNA-99214_GXCTest10 --disable-gpu-compositing --video-capture-use-gpu-memory-buffer --lang=en-US --device-scale-factor=1 --num-raster-threads=2 --enable-main-frame-before-activation --renderer-client-id=13 --time-ticks-at-unix-epoch=-1740423145203243 --launch-time-ticks=108952113 --field-trial-handle=5056,i,286716981099067088,18036163569385769869,262144 --disable-features=CertificateTransparencyAskBeforeEnabling,PlatformSoftwareH264EncoderInGpu --variations-seed-version --mojo-platform-channel-handle=5088 /prefetch:1
2025-02-24 20:26:52,504 [INFO] Checking process PID 8796: C:\Users\pajic\AppData\Local\Programs\Opera GX\opera.exe --type=renderer --with-feature:address-bar-dropdown-autocompleted-domains=off --with-feature:address-bar-dropdown-unfiltered-full=off --with-feature:amazon-new-ids=on --with-feature:cashback-assistant=off --with-feature:continue-on-booking=on --with-feature:continue-on-shopping-via-amp=off --with-feature:continue-shopping=on --with-feature:continue-shopping-2=on --with-feature:continue-shopping-5=on --with-feature:continue-shopping-explore=off --with-feature:continue-shopping-structured-partners=on --with-feature:feature-remote-disable-updates-testing-flag=off --with-feature:feature-remote-updates-testing-flag=on --with-feature:game-servers=off --with-feature:gx-post-mortem=on --with-feature:gx-reactinator=on --with-feature:gx-spotlight=on --with-feature:gx-video-to-phone=on --with-feature:lucid-mode-hide-text=on --with-feature:new-news-backend=on --with-feature:new-personal-news-backend=on --with-feature:panic-button=on --with-feature:password-generator=off --with-feature:play-again=on --with-feature:realtime-impressions-reporting=on --with-feature:run-at-startup-default=on --with-feature:sd-suggestions-external=on --with-feature:session-restore-attribution=on --with-feature:side-profiles=on --with-feature:sitecheck-age=on --with-feature:tiktok-panel=on --with-feature:ui-compositor-multithreaded=on --with-feature:installer-experiment-test=off --ab_tests=GXCTest10-ref:DNA-99214_GXCTest10 --disable-gpu-compositing --video-capture-use-gpu-memory-buffer --lang=en-US --device-scale-factor=1 --num-raster-threads=2 --enable-main-frame-before-activation --renderer-client-id=15 --time-ticks-at-unix-epoch=-1740423145203243 --launch-time-ticks=109408733 --field-trial-handle=5508,i,286716981099067088,18036163569385769869,262144 --disable-features=CertificateTransparencyAskBeforeEnabling,PlatformSoftwareH264EncoderInGpu --variations-seed-version --mojo-platform-channel-handle=5516 /prefetch:1
2025-02-24 20:26:52,522 [INFO] Checking process PID 8996: C:\Program Files\NVIDIA Corporation\NvContainer\nvcontainer.exe -f C:\ProgramData\NVIDIA Corporation\NVIDIA app\NvContainer\NvContainerUser%dSPUser.log -d C:\Program Files\NVIDIA Corporation\NvContainer\plugins\SPUser -r -l 3 -p 30000 -st C:\Program Files\NVIDIA Corporation\NvContainer\NvContainerTelemetryApi.dll -c
2025-02-24 20:26:52,523 [INFO] Checking process PID 9060: C:\Program Files\NVIDIA Corporation\NvContainer\nvcontainer.exe -f C:\ProgramData\NVIDIA Corporation\NVIDIA app\NvContainer\NvContainerUser%d.log -d C:\Program Files\NVIDIA Corporation\NvContainer\plugins\User -r -l 3 -p 30000 -c
2025-02-24 20:26:52,523 [INFO] Checking process PID 9392: C:\Users\pajic\AppData\Local\Programs\Opera GX\opera.exe --type=renderer --extension-process --with-feature:address-bar-dropdown-autocompleted-domains=off --with-feature:address-bar-dropdown-unfiltered-full=off --with-feature:amazon-new-ids=on --with-feature:cashback-assistant=off --with-feature:continue-on-booking=on --with-feature:continue-on-shopping-via-amp=off --with-feature:continue-shopping=on --with-feature:continue-shopping-2=on --with-feature:continue-shopping-5=on --with-feature:continue-shopping-explore=off --with-feature:continue-shopping-structured-partners=on --with-feature:feature-remote-disable-updates-testing-flag=off --with-feature:feature-remote-updates-testing-flag=on --with-feature:game-servers=off --with-feature:gx-post-mortem=on --with-feature:gx-reactinator=on --with-feature:gx-spotlight=on --with-feature:gx-video-to-phone=on --with-feature:lucid-mode-hide-text=on --with-feature:new-news-backend=on --with-feature:new-personal-news-backend=on --with-feature:panic-button=on --with-feature:password-generator=off --with-feature:play-again=on --with-feature:realtime-impressions-reporting=on --with-feature:run-at-startup-default=on --with-feature:sd-suggestions-external=on --with-feature:session-restore-attribution=on --with-feature:side-profiles=on --with-feature:sitecheck-age=on --with-feature:tiktok-panel=on --with-feature:ui-compositor-multithreaded=on --with-feature:installer-experiment-test=off --ab_tests=GXCTest10-ref:DNA-99214_GXCTest10 --disable-gpu-compositing --video-capture-use-gpu-memory-buffer --lang=en-US --device-scale-factor=1 --num-raster-threads=2 --enable-main-frame-before-activation --renderer-client-id=9 --time-ticks-at-unix-epoch=-1740423145203243 --launch-time-ticks=109757049 --field-trial-handle=7044,i,286716981099067088,18036163569385769869,262144 --disable-features=CertificateTransparencyAskBeforeEnabling,PlatformSoftwareH264EncoderInGpu --variations-seed-version --mojo-platform-channel-handle=7300 /prefetch:2
2025-02-24 20:26:52,525 [INFO] Checking process PID 9624: C:\Program Files\NVIDIA Corporation\NVIDIA App\CEF\NVIDIA Overlay.exe
2025-02-24 20:26:52,525 [INFO] Checking process PID 9664: C:\Program Files\NVIDIA Corporation\NVIDIA App\ShadowPlay\nvsphelper64.exe
2025-02-24 20:26:52,525 [INFO] Checking process PID 9988: C:\WINDOWS\system32\svchost.exe -k ClipboardSvcGroup -p -s cbdhsvc
2025-02-24 20:26:52,526 [INFO] Checking process PID 10300: C:\Windows\System32\RuntimeBroker.exe -Embedding
2025-02-24 20:26:52,537 [INFO] Checking process PID 10456: C:\Program Files\NVIDIA Corporation\NVIDIA App\CEF\NVIDIA Overlay.exe --type=gpu-process --no-sandbox --lang=en-US --user-data-dir=C:\Users\pajic\AppData\Local\CEF\User Data --gpu-preferences=UAAAAAAAAADgAgAYAAAAAAAAAAAAAAAAAABgAAAAAAAwAAAAAAAAAAAAAAAAAAAAAAAAAAAAAAAAAAAAAAAAAEgAAAAAAAAASAAAAAAAAAAYAAAAAgAAABAAAAAAAAAAGAAAAAAAAAAQAAAAAAAAAAAAAAAOAAAAEAAAAAAAAAABAAAADgAAAAgAAAAAAAAACAAAAAAAAAA= --log-file=C:\Users\pajic\AppData\Local\NVIDIA Corporation\NVIDIA Overlay\debug.log --mojo-platform-channel-handle=2196 --field-trial-handle=2228,i,1662192470078777807,15673272145492772878,131072 --disable-features=CalculateNativeWinOcclusion,WinUseBrowserSpellChecker /prefetch:2
2025-02-24 20:26:52,538 [INFO] Checking process PID 10560: E:\Microsoft VS Code\Code.exe --type=utility --utility-sub-type=network.mojom.NetworkService --lang=en-US --service-sandbox-type=none --user-data-dir=C:\Users\pajic\AppData\Roaming\Code --standard-schemes=vscode-webview,vscode-file --enable-sandbox --secure-schemes=vscode-webview,vscode-file --cors-schemes=vscode-webview,vscode-file --fetch-schemes=vscode-webview,vscode-file --service-worker-schemes=vscode-webview --code-cache-schemes=vscode-webview,vscode-file --field-trial-handle=2172,i,689960876626091210,15110206390915688219,262144 --disable-features=CalculateNativeWinOcclusion,PlzDedicatedWorker,SpareRendererForSitePerProcess,WinDelaySpellcheckServiceInit,WinRetrieveSuggestionsOnlyOnDemand --variations-seed-version --mojo-platform-channel-handle=2064 /prefetch:3
2025-02-24 20:26:52,539 [INFO] Checking process PID 10600: C:\Users\pajic\AppData\Roaming\Spotify\Spotify.exe --autostart --minimized
2025-02-24 20:26:52,540 [INFO] Checking process PID 10688: C:\Program Files\NVIDIA Corporation\NVIDIA App\CEF\NVIDIA Overlay.exe --type=utility --utility-sub-type=storage.mojom.StorageService --lang=en-US --service-sandbox-type=utility --no-sandbox --lang=en-US --user-data-dir=C:\Users\pajic\AppData\Local\CEF\User Data --log-file=C:\Users\pajic\AppData\Local\NVIDIA Corporation\NVIDIA Overlay\debug.log --mojo-platform-channel-handle=2892 --field-trial-handle=2228,i,1662192470078777807,15673272145492772878,131072 --disable-features=CalculateNativeWinOcclusion,WinUseBrowserSpellChecker /prefetch:8
2025-02-24 20:26:52,540 [INFO] Checking process PID 10696: C:\Program Files\NVIDIA Corporation\NVIDIA App\CEF\NVIDIA Overlay.exe --type=utility --utility-sub-type=network.mojom.NetworkService --lang=en-US --service-sandbox-type=none --no-sandbox --lang=en-US --user-data-dir=C:\Users\pajic\AppData\Local\CEF\User Data --log-file=C:\Users\pajic\AppData\Local\NVIDIA Corporation\NVIDIA Overlay\debug.log --mojo-platform-channel-handle=3004 --field-trial-handle=2228,i,1662192470078777807,15673272145492772878,131072 --disable-features=CalculateNativeWinOcclusion,WinUseBrowserSpellChecker /prefetch:8
2025-02-24 20:26:52,541 [INFO] Checking process PID 10740: C:\Program Files\NVIDIA Corporation\NVIDIA App\CEF\NVIDIA Overlay.exe --type=renderer --user-data-dir=C:\Users\pajic\AppData\Local\CEF\User Data --no-sandbox --log-file=C:\Users\pajic\AppData\Local\NVIDIA Corporation\NVIDIA Overlay\debug.log --lang=en-US --device-scale-factor=1 --num-raster-threads=2 --enable-main-frame-before-activation --renderer-client-id=5 --launch-time-ticks=33864053 --mojo-platform-channel-handle=3220 --field-trial-handle=2228,i,1662192470078777807,15673272145492772878,131072 --disable-features=CalculateNativeWinOcclusion,WinUseBrowserSpellChecker /prefetch:1
2025-02-24 20:26:52,542 [INFO] Checking process PID 10980: C:\Users\pajic\AppData\Local\Programs\Opera GX\opera.exe --type=utility --utility-sub-type=network.mojom.NetworkService --lang=en-US --service-sandbox-type=none --enable-quic --start-stack-profiler --with-feature:address-bar-dropdown-autocompleted-domains=off --with-feature:address-bar-dropdown-unfiltered-full=off --with-feature:amazon-new-ids=on --with-feature:cashback-assistant=off --with-feature:continue-on-booking=on --with-feature:continue-on-shopping-via-amp=off --with-feature:continue-shopping=on --with-feature:continue-shopping-2=on --with-feature:continue-shopping-5=on --with-feature:continue-shopping-explore=off --with-feature:continue-shopping-structured-partners=on --with-feature:feature-remote-disable-updates-testing-flag=off --with-feature:feature-remote-updates-testing-flag=on --with-feature:game-servers=off --with-feature:gx-post-mortem=on --with-feature:gx-reactinator=on --with-feature:gx-spotlight=on --with-feature:gx-video-to-phone=on --with-feature:lucid-mode-hide-text=on --with-feature:new-news-backend=on --with-feature:new-personal-news-backend=on --with-feature:panic-button=on --with-feature:password-generator=off --with-feature:play-again=on --with-feature:realtime-impressions-reporting=on --with-feature:run-at-startup-default=on --with-feature:sd-suggestions-external=on --with-feature:session-restore-attribution=on --with-feature:side-profiles=on --with-feature:sitecheck-age=on --with-feature:tiktok-panel=on --with-feature:ui-compositor-multithreaded=on --with-feature:installer-experiment-test=off --ab_tests=GXCTest10-ref:DNA-99214_GXCTest10 --field-trial-handle=1808,i,286716981099067088,18036163569385769869,262144 --disable-features=CertificateTransparencyAskBeforeEnabling,PlatformSoftwareH264EncoderInGpu --variations-seed-version --mojo-platform-channel-handle=2164 /prefetch:3
2025-02-24 20:26:52,555 [INFO] Checking process PID 11360: C:\Users\pajic\AppData\Local\Programs\Opera GX\opera.exe --type=renderer --with-feature:address-bar-dropdown-autocompleted-domains=off --with-feature:address-bar-dropdown-unfiltered-full=off --with-feature:amazon-new-ids=on --with-feature:cashback-assistant=off --with-feature:continue-on-booking=on --with-feature:continue-on-shopping-via-amp=off --with-feature:continue-shopping=on --with-feature:continue-shopping-2=on --with-feature:continue-shopping-5=on --with-feature:continue-shopping-explore=off --with-feature:continue-shopping-structured-partners=on --with-feature:feature-remote-disable-updates-testing-flag=off --with-feature:feature-remote-updates-testing-flag=on --with-feature:game-servers=off --with-feature:gx-post-mortem=on --with-feature:gx-reactinator=on --with-feature:gx-spotlight=on --with-feature:gx-video-to-phone=on --with-feature:lucid-mode-hide-text=on --with-feature:new-news-backend=on --with-feature:new-personal-news-backend=on --with-feature:panic-button=on --with-feature:password-generator=off --with-feature:play-again=on --with-feature:realtime-impressions-reporting=on --with-feature:run-at-startup-default=on --with-feature:sd-suggestions-external=on --with-feature:session-restore-attribution=on --with-feature:side-profiles=on --with-feature:sitecheck-age=on --with-feature:tiktok-panel=on --with-feature:ui-compositor-multithreaded=on --with-feature:installer-experiment-test=off --ab_tests=GXCTest10-ref:DNA-99214_GXCTest10 --disable-gpu-compositing --video-capture-use-gpu-memory-buffer --lang=en-US --device-scale-factor=1 --num-raster-threads=2 --enable-main-frame-before-activation --renderer-client-id=12 --time-ticks-at-unix-epoch=-1740423145203243 --launch-time-ticks=108534340 --field-trial-handle=4424,i,286716981099067088,18036163569385769869,262144 --disable-features=CertificateTransparencyAskBeforeEnabling,PlatformSoftwareH264EncoderInGpu --variations-seed-version --mojo-platform-channel-handle=4476 /prefetch:1
2025-02-24 20:26:52,556 [INFO] Checking process PID 11404: C:\WINDOWS\SystemApps\Microsoft.Windows.StartMenuExperienceHost_cw5n1h2txyewy\StartMenuExperienceHost.exe -ServerName:App.AppXywbrabmsek0gm3tkwpr5kwzbs55tkqay.mca
2025-02-24 20:26:52,556 [INFO] Checking process PID 11464: C:\Users\pajic\AppData\Local\Discord\app-1.0.9183\Discord.exe --type=renderer --user-data-dir=C:\Users\pajic\AppData\Roaming\discord --secure-schemes=disclip,sentry-ipc --bypasscsp-schemes=sentry-ipc --cors-schemes=sentry-ipc --fetch-schemes=disclip,sentry-ipc --app-user-model-id=com.squirrel.Discord.Discord --app-path=C:\Users\pajic\AppData\Local\Discord\app-1.0.9183\resources\_app.asar --enable-sandbox --enable-blink-features=EnumerateDevices,AudioOutputDevices --autoplay-policy=no-user-gesture-required --disable-background-timer-throttling --video-capture-use-gpu-memory-buffer --lang=en-US --device-scale-factor=1 --num-raster-threads=2 --enable-main-frame-before-activation --renderer-client-id=13 --time-ticks-at-unix-epoch=-1740423145203176 --launch-time-ticks=720636164 --field-trial-handle=4924,i,10951739047815404222,14100511552463003337,262144 --disable-features=AllowAggressiveThrottlingWithWebSocket,AllowAggressiveThrottlingWithWebSocketWinRetrieveSuggestionsOnlyOnDemand,HardwareMediaKeyHandling,IntensiveWakeUpThrottling,MediaSessionService,SpareRendererForSitePerProcess,UseEcoQoSForBackgroundProcess,WidgetLayering,WinDelaySpellcheckServiceInit,WinRetrieveSuggestionsOnlyOnDemand --variations-seed-version --mojo-platform-channel-handle=4920 --enable-node-leakage-in-renderers /prefetch:1
2025-02-24 20:26:52,558 [INFO] Checking process PID 11580: E:\Microsoft VS Code\Code.exe --type=renderer --user-data-dir=C:\Users\pajic\AppData\Roaming\Code --standard-schemes=vscode-webview,vscode-file --enable-sandbox --secure-schemes=vscode-webview,vscode-file --cors-schemes=vscode-webview,vscode-file --fetch-schemes=vscode-webview,vscode-file --service-worker-schemes=vscode-webview --code-cache-schemes=vscode-webview,vscode-file --app-user-model-id=Microsoft.VisualStudioCode --app-path=E:\Microsoft VS Code\resources\app --enable-sandbox --enable-blink-features=HighlightAPI --disable-blink-features=FontMatchingCTMigration,StandardizedBrowserZoom, --video-capture-use-gpu-memory-buffer --lang=en-US --device-scale-factor=1 --num-raster-threads=2 --enable-main-frame-before-activation --renderer-client-id=4 --time-ticks-at-unix-epoch=-1740423145203180 --launch-time-ticks=380237282 --field-trial-handle=3364,i,689960876626091210,15110206390915688219,262144 --disable-features=CalculateNativeWinOcclusion,PlzDedicatedWorker,SpareRendererForSitePerProcess,WinDelaySpellcheckServiceInit,WinRetrieveSuggestionsOnlyOnDemand --variations-seed-version --mojo-platform-channel-handle=3360 --vscode-window-config=vscode:0e5b0853-c2f3-4ac2-b5af-c21f59d9a25e /prefetch:1
2025-02-24 20:26:52,559 [INFO] Checking process PID 11640: \\?\C:\WINDOWS\system32\conhost.exe --headless --width 80 --height 30 --signal 0x420 --server 0x41c
2025-02-24 20:26:52,569 [INFO] Checking process PID 11780: C:\Windows\System32\RuntimeBroker.exe -Embedding
2025-02-24 20:26:52,570 [INFO] Checking process PID 11988: C:\Program Files\WindowsApps\Microsoft.ZuneMusic_11.2410.8.0_x64__8wekyb3d8bbwe\Microsoft.Media.Player.exe -ServerName:Microsoft.ZuneMusic.AppXr954g6gg1tvs748d5g67zt981dvpmnr6.mca
2025-02-24 20:26:52,571 [INFO] Checking process PID 12084: C:\WINDOWS\SystemApps\Microsoft.Windows.Search_cw5n1h2txyewy\SearchApp.exe -ServerName:CortanaUI.AppX8z9r6jm96hw4bsbneegw0kyxx296wr9t.mca
2025-02-24 20:26:52,571 [INFO] Checking process PID 12264: C:\Users\pajic\AppData\Local\Programs\Opera GX\opera.exe --type=renderer --extension-process --with-feature:address-bar-dropdown-autocompleted-domains=off --with-feature:address-bar-dropdown-unfiltered-full=off --with-feature:amazon-new-ids=on --with-feature:cashback-assistant=off --with-feature:continue-on-booking=on --with-feature:continue-on-shopping-via-amp=off --with-feature:continue-shopping=on --with-feature:continue-shopping-2=on --with-feature:continue-shopping-5=on --with-feature:continue-shopping-explore=off --with-feature:continue-shopping-structured-partners=on --with-feature:feature-remote-disable-updates-testing-flag=off --with-feature:feature-remote-updates-testing-flag=on --with-feature:game-servers=off --with-feature:gx-post-mortem=on --with-feature:gx-reactinator=on --with-feature:gx-spotlight=on --with-feature:gx-video-to-phone=on --with-feature:lucid-mode-hide-text=on --with-feature:new-news-backend=on --with-feature:new-personal-news-backend=on --with-feature:panic-button=on --with-feature:password-generator=off --with-feature:play-again=on --with-feature:realtime-impressions-reporting=on --with-feature:run-at-startup-default=on --with-feature:sd-suggestions-external=on --with-feature:session-restore-attribution=on --with-feature:side-profiles=on --with-feature:sitecheck-age=on --with-feature:tiktok-panel=on --with-feature:ui-compositor-multithreaded=on --with-feature:installer-experiment-test=off --ab_tests=GXCTest10-ref:DNA-99214_GXCTest10 --disable-gpu-compositing --video-capture-use-gpu-memory-buffer --lang=en-US --device-scale-factor=1 --num-raster-threads=2 --enable-main-frame-before-activation --renderer-client-id=5 --time-ticks-at-unix-epoch=-1740423145203243 --launch-time-ticks=108395006 --field-trial-handle=3952,i,286716981099067088,18036163569385769869,262144 --disable-features=CertificateTransparencyAskBeforeEnabling,PlatformSoftwareH264EncoderInGpu --variations-seed-version --mojo-platform-channel-handle=4232 /prefetch:2
2025-02-24 20:26:52,573 [INFO] Checking process PID 12308: C:\Users\pajic\AppData\Local\Programs\Opera GX\opera.exe --type=renderer --extension-process --with-feature:address-bar-dropdown-autocompleted-domains=off --with-feature:address-bar-dropdown-unfiltered-full=off --with-feature:amazon-new-ids=on --with-feature:cashback-assistant=off --with-feature:continue-on-booking=on --with-feature:continue-on-shopping-via-amp=off --with-feature:continue-shopping=on --with-feature:continue-shopping-2=on --with-feature:continue-shopping-5=on --with-feature:continue-shopping-explore=off --with-feature:continue-shopping-structured-partners=on --with-feature:feature-remote-disable-updates-testing-flag=off --with-feature:feature-remote-updates-testing-flag=on --with-feature:game-servers=off --with-feature:gx-post-mortem=on --with-feature:gx-reactinator=on --with-feature:gx-spotlight=on --with-feature:gx-video-to-phone=on --with-feature:lucid-mode-hide-text=on --with-feature:new-news-backend=on --with-feature:new-personal-news-backend=on --with-feature:panic-button=on --with-feature:password-generator=off --with-feature:play-again=on --with-feature:realtime-impressions-reporting=on --with-feature:run-at-startup-default=on --with-feature:sd-suggestions-external=on --with-feature:session-restore-attribution=on --with-feature:side-profiles=on --with-feature:sitecheck-age=on --with-feature:tiktok-panel=on --with-feature:ui-compositor-multithreaded=on --with-feature:installer-experiment-test=off --ab_tests=GXCTest10-ref:DNA-99214_GXCTest10 --disable-gpu-compositing --video-capture-use-gpu-memory-buffer --lang=en-US --device-scale-factor=1 --num-raster-threads=2 --enable-main-frame-before-activation --renderer-client-id=8 --time-ticks-at-unix-epoch=-1740423145203243 --launch-time-ticks=109737584 --field-trial-handle=7052,i,286716981099067088,18036163569385769869,262144 --disable-features=CertificateTransparencyAskBeforeEnabling,PlatformSoftwareH264EncoderInGpu --variations-seed-version --mojo-platform-channel-handle=7060 /prefetch:2
2025-02-24 20:26:52,574 [INFO] Checking process PID 12380: C:\Users\pajic\AppData\Local\Programs\Opera GX\opera.exe --type=gpu-process --start-stack-profiler --with-feature:address-bar-dropdown-autocompleted-domains=off --with-feature:address-bar-dropdown-unfiltered-full=off --with-feature:amazon-new-ids=on --with-feature:cashback-assistant=off --with-feature:continue-on-booking=on --with-feature:continue-on-shopping-via-amp=off --with-feature:continue-shopping=on --with-feature:continue-shopping-2=on --with-feature:continue-shopping-5=on --with-feature:continue-shopping-explore=off --with-feature:continue-shopping-structured-partners=on --with-feature:feature-remote-disable-updates-testing-flag=off --with-feature:feature-remote-updates-testing-flag=on --with-feature:game-servers=off --with-feature:gx-post-mortem=on --with-feature:gx-reactinator=on --with-feature:gx-spotlight=on --with-feature:gx-video-to-phone=on --with-feature:lucid-mode-hide-text=on --with-feature:new-news-backend=on --with-feature:new-personal-news-backend=on --with-feature:panic-button=on --with-feature:password-generator=off --with-feature:play-again=on --with-feature:realtime-impressions-reporting=on --with-feature:run-at-startup-default=on --with-feature:sd-suggestions-external=on --with-feature:session-restore-attribution=on --with-feature:side-profiles=on --with-feature:sitecheck-age=on --with-feature:tiktok-panel=on --with-feature:ui-compositor-multithreaded=on --with-feature:installer-experiment-test=off --ab_tests=GXCTest10-ref:DNA-99214_GXCTest10 --gpu-preferences=UAAAAAAAAADgAAAEAAAAAAAAAAAAAAAAAABgAAAAAAAAAAAAAAAAAAAAAAACAAAAAAAAAAAAAAAAAAAAAAAAABAAAAAAAAAAEAAAAAAAAAAIAAAAAAAAAAgAAAAAAAAA --use-gl=angle --use-angle=swiftshader-webgl --field-trial-handle=2008,i,286716981099067088,18036163569385769869,262144 --disable-features=CertificateTransparencyAskBeforeEnabling,PlatformSoftwareH264EncoderInGpu --variations-seed-version --mojo-platform-channel-handle=2004 /prefetch:2
2025-02-24 20:26:52,585 [INFO] Checking process PID 12532: C:\WINDOWS\SystemApps\Microsoft.LockApp_cw5n1h2txyewy\LockApp.exe -ServerName:WindowsDefaultLockScreen.AppX7y4nbzq37zn4ks9k7amqjywdat7d3j2z.mca
2025-02-24 20:26:52,586 [INFO] Checking process PID 12864: C:\Users\pajic\AppData\Local\Programs\Opera GX\opera.exe --type=renderer --extension-process --with-feature:address-bar-dropdown-autocompleted-domains=off --with-feature:address-bar-dropdown-unfiltered-full=off --with-feature:amazon-new-ids=on --with-feature:cashback-assistant=off --with-feature:continue-on-booking=on --with-feature:continue-on-shopping-via-amp=off --with-feature:continue-shopping=on --with-feature:continue-shopping-2=on --with-feature:continue-shopping-5=on --with-feature:continue-shopping-explore=off --with-feature:continue-shopping-structured-partners=on --with-feature:feature-remote-disable-updates-testing-flag=off --with-feature:feature-remote-updates-testing-flag=on --with-feature:game-servers=off --with-feature:gx-post-mortem=on --with-feature:gx-reactinator=on --with-feature:gx-spotlight=on --with-feature:gx-video-to-phone=on --with-feature:lucid-mode-hide-text=on --with-feature:new-news-backend=on --with-feature:new-personal-news-backend=on --with-feature:panic-button=on --with-feature:password-generator=off --with-feature:play-again=on --with-feature:realtime-impressions-reporting=on --with-feature:run-at-startup-default=on --with-feature:sd-suggestions-external=on --with-feature:session-restore-attribution=on --with-feature:side-profiles=on --with-feature:sitecheck-age=on --with-feature:tiktok-panel=on --with-feature:ui-compositor-multithreaded=on --with-feature:installer-experiment-test=off --ab_tests=GXCTest10-ref:DNA-99214_GXCTest10 --disable-gpu-compositing --video-capture-use-gpu-memory-buffer --lang=en-US --device-scale-factor=1 --num-raster-threads=2 --enable-main-frame-before-activation --renderer-client-id=14 --time-ticks-at-unix-epoch=-1740423145203243 --launch-time-ticks=109108736 --field-trial-handle=5324,i,286716981099067088,18036163569385769869,262144 --disable-features=CertificateTransparencyAskBeforeEnabling,PlatformSoftwareH264EncoderInGpu --variations-seed-version --mojo-platform-channel-handle=5332 /prefetch:2
2025-02-24 20:26:52,609 [INFO] Checking process PID 13116: C:\WINDOWS\system32\XGameHelper.exe #Global\{3184FBDC-B93B-4346-8F66-186455440AA8}
2025-02-24 20:26:52,610 [INFO] Checking process PID 13184: C:\Users\pajic\AppData\Local\Programs\Opera GX\opera.exe --type=renderer --start-stack-profiler --with-feature:address-bar-dropdown-autocompleted-domains=off --with-feature:address-bar-dropdown-unfiltered-full=off --with-feature:amazon-new-ids=on --with-feature:cashback-assistant=off --with-feature:continue-on-booking=on --with-feature:continue-on-shopping-via-amp=off --with-feature:continue-shopping=on --with-feature:continue-shopping-2=on --with-feature:continue-shopping-5=on --with-feature:continue-shopping-explore=off --with-feature:continue-shopping-structured-partners=on --with-feature:feature-remote-disable-updates-testing-flag=off --with-feature:feature-remote-updates-testing-flag=on --with-feature:game-servers=off --with-feature:gx-post-mortem=on --with-feature:gx-reactinator=on --with-feature:gx-spotlight=on --with-feature:gx-video-to-phone=on --with-feature:lucid-mode-hide-text=on --with-feature:new-news-backend=on --with-feature:new-personal-news-backend=on --with-feature:panic-button=on --with-feature:password-generator=off --with-feature:play-again=on --with-feature:realtime-impressions-reporting=on --with-feature:run-at-startup-default=on --with-feature:sd-suggestions-external=on --with-feature:session-restore-attribution=on --with-feature:side-profiles=on --with-feature:sitecheck-age=on --with-feature:tiktok-panel=on --with-feature:ui-compositor-multithreaded=on --with-feature:installer-experiment-test=off --ab_tests=GXCTest10-ref:DNA-99214_GXCTest10 --disable-gpu-compositing --video-capture-use-gpu-memory-buffer --lang=en-US --device-scale-factor=1 --num-raster-threads=2 --enable-main-frame-before-activation --renderer-client-id=29 --time-ticks-at-unix-epoch=-1740423145203243 --launch-time-ticks=110370067 --field-trial-handle=8020,i,286716981099067088,18036163569385769869,262144 --disable-features=CertificateTransparencyAskBeforeEnabling,PlatformSoftwareH264EncoderInGpu --variations-seed-version --mojo-platform-channel-handle=7896 /prefetch:1
2025-02-24 20:26:52,612 [INFO] Checking process PID 13348: C:\Users\pajic\AppData\Roaming\Spotify\Spotify.exe --type=crashpad-handler /prefetch:4 --max-uploads=5 --max-db-size=20 --max-db-age=5 --monitor-self-annotation=ptype=crashpad-handler --database=C:\Users\pajic\AppData\Local\Spotify\User Data\Crashpad --url=https://crashdump.spotify.com:443/ --annotation=platform=win64 --annotation=product=spotify --annotation=version=1.2.57.463 --initial-client-data=0x3c4,0x3c8,0x3cc,0x3c0,0x3d0,0x7ffb21178fc8,0x7ffb21178fd4,0x7ffb21178fe0
2025-02-24 20:26:52,613 [INFO] Checking process PID 13360: C:\WINDOWS\system32\svchost.exe -k PrintWorkflow -s PrintWorkflowUserSvc
2025-02-24 20:26:52,613 [INFO] Checking process PID 13392: C:\Windows\System32\CompPkgSrv.exe -Embedding
2025-02-24 20:26:52,614 [INFO] Checking process PID 13476: C:\Program Files (x86)\Steam\bin\cef\cef.win7x64\steamwebhelper.exe --type=utility --utility-sub-type=storage.mojom.StorageService --lang=en-GB --service-sandbox-type=service --user-agent-product=Valve Steam Client --lang=en-001 --user-data-dir=C:\Users\pajic\AppData\Local\Steam\htmlcache --buildid=1738026274 --steamid=0 --field-trial-handle=3108,i,14148986855062707980,9458548988548929348,262144 --enable-features=PlatformHEVCDecoderSupport --disable-features=BackForwardCache,DcheckIsFatal,DocumentPictureInPictureAPI,SpareRendererForSitePerProcess,ValveFFmpegAllowLowDelayHEVC --variations-seed-version --enable-logging=handle --log-file=3220 --mojo-platform-channel-handle=3140 /prefetch:8
2025-02-24 20:26:52,615 [INFO] Checking process PID 13516: C:\Windows\System32\RuntimeBroker.exe -Embedding
2025-02-24 20:26:52,615 [INFO] Checking process PID 13608: C:\Windows\System32\RtkAudUService64.exe -background
2025-02-24 20:26:52,616 [INFO] Checking process PID 13660: C:\Users\pajic\AppData\Local\Discord\app-1.0.9183\Discord.exe --start-minimized
2025-02-24 20:26:52,616 [INFO] Checking process PID 13664: C:\Windows\System32\RuntimeBroker.exe -Embedding
2025-02-24 20:26:52,623 [INFO] Checking process PID 14108: C:\Program Files (x86)\Steam\steam.exe -silent
2025-02-24 20:26:52,624 [INFO] Checking process PID 14184: C:\Program Files (x86)\Steam\bin\cef\cef.win7x64\steamwebhelper.exe --type=renderer --user-agent-product=Valve Steam Client --user-data-dir=C:\Users\pajic\AppData\Local\Steam\htmlcache --buildid=1738026274 --steamid=0 --remote-debugging-port=8080 --lang=en-GB --device-scale-factor=1 --num-raster-threads=2 --enable-main-frame-before-activation --renderer-client-id=7 --time-ticks-at-unix-epoch=-1740423145202742 --launch-time-ticks=84852694 --field-trial-handle=4488,i,14148986855062707980,9458548988548929348,262144 --enable-features=PlatformHEVCDecoderSupport --disable-features=BackForwardCache,DcheckIsFatal,DocumentPictureInPictureAPI,SpareRendererForSitePerProcess,ValveFFmpegAllowLowDelayHEVC --variations-seed-version --enable-logging=handle --log-file=5012 --mojo-platform-channel-handle=4792 /prefetch:1
2025-02-24 20:26:52,625 [INFO] Checking process PID 14212: C:\Users\pajic\AppData\Roaming\Spotify\Spotify.exe --type=utility --utility-sub-type=network.mojom.NetworkService --lang=en-US --service-sandbox-type=none --string-annotations=is-enterprise-managed=yes --start-stack-profiler --user-data-dir=C:\Users\pajic\AppData\Local\Spotify --log-severity=disable --user-agent-product=Chrome/131.0.6778.109 Spotify/1.2.57.463 --field-trial-handle=2184,i,971949478845103247,9643371070948757693,262144 --disable-features=BackForwardCache,PartitionAllocDanglingPtr,PartitionAllocUnretainedDanglingPtr --variations-seed-version --enable-logging=handle --log-file=1968 --mojo-platform-channel-handle=2428 /prefetch:3
2025-02-24 20:26:52,625 [INFO] Checking process PID 14272: C:\Windows\System32\RuntimeBroker.exe -Embedding
2025-02-24 20:26:52,626 [INFO] Checking process PID 14344: C:\Users\pajic\AppData\Roaming\Spotify\Spotify.exe --type=renderer --string-annotations=is-enterprise-managed=yes --enable-dinosaur-easter-egg-alt-images --user-data-dir=C:\Users\pajic\AppData\Local\Spotify --log-severity=disable --user-agent-product=Chrome/131.0.6778.109 Spotify/1.2.57.463 --autoplay-policy=no-user-gesture-required --video-capture-use-gpu-memory-buffer --lang=en-US --device-scale-factor=1 --num-raster-threads=2 --enable-main-frame-before-activation --renderer-client-id=6 --time-ticks-at-unix-epoch=-1740423145203242 --launch-time-ticks=58892557 --field-trial-handle=5656,i,971949478845103247,9643371070948757693,262144 --disable-features=BackForwardCache,PartitionAllocDanglingPtr,PartitionAllocUnretainedDanglingPtr --variations-seed-version --enable-logging=handle --log-file=5684 --mojo-platform-channel-handle=5680 /prefetch:1
2025-02-24 20:26:52,627 [INFO] Checking process PID 14396: C:\Program Files\Microsoft Office\Root\Office16\EXCEL.EXE C:\Users\pajic\OneDrive\Desktop\Pandahut Wipes.xlsx
2025-02-24 20:26:52,627 [INFO] Checking process PID 14504: C:\Windows\System32\RuntimeBroker.exe -Embedding
2025-02-24 20:26:52,628 [INFO] Checking process PID 14588: C:\Program Files (x86)\Skillbrains\lightshot\5.5.0.7\Lightshot.exe
2025-02-24 20:26:52,629 [INFO] Checking process PID 14672: E:\GSkill\Trident Z Lighting Control\hid.exe
2025-02-24 20:26:52,630 [INFO] Checking process PID 14700: C:\Users\pajic\AppData\Roaming\Spotify\Spotify.exe --type=utility --utility-sub-type=media.mojom.CdmServiceBroker --lang=en-US --service-sandbox-type=cdm --video-capture-use-gpu-memory-buffer --string-annotations=is-enterprise-managed=yes --user-data-dir=C:\Users\pajic\AppData\Local\Spotify --log-severity=disable --user-agent-product=Chrome/131.0.6778.109 Spotify/1.2.57.463 --field-trial-handle=7268,i,971949478845103247,9643371070948757693,262144 --disable-features=BackForwardCache,PartitionAllocDanglingPtr,PartitionAllocUnretainedDanglingPtr --variations-seed-version --enable-logging=handle --log-file=6844 --mojo-platform-channel-handle=7492 /prefetch:8
2025-02-24 20:26:52,631 [INFO] Checking process PID 14772: C:\Program Files (x86)\Steam\bin\cef\cef.win7x64\steamwebhelper.exe -nocrashdialog -lang=en_US -cachedir=C:\Users\pajic\AppData\Local\Steam\htmlcache -steampid=14108 -buildid=1738026274 -steamid=0 -logdir=C:\Program Files (x86)\Steam\logs -uimode=7 -startcount=0 -steamuniverse=Public -realm=Global -clientui=C:\Program Files (x86)\Steam\clientui -steampath=C:\Program Files (x86)\Steam\steam.exe -launcher=0 --valve-enable-site-isolation --remote-allow-origins=* --remote-debugging-address=127.0.0.1 --remote-debugging-port=8080 --enable-smooth-scrolling --enable-direct-write --log-file=C:\Program Files (x86)\Steam\logs\cef_log.txt --disable-quick-menu --enable-features=PlatformHEVCDecoderSupport --disable-features=SpareRendererForSitePerProcess,DcheckIsFatal,ValveFFmpegAllowLowDelayHEVC
2025-02-24 20:26:52,638 [INFO] Checking process PID 15052: C:\WINDOWS\system32\AUDIODG.EXE 0x60c
2025-02-24 20:26:52,639 [INFO] Checking process PID 15084: C:\WINDOWS\system32\ApplicationFrameHost.exe -Embedding
2025-02-24 20:26:52,639 [INFO] Checking process PID 15156: C:\Users\pajic\AppData\Local\Discord\app-1.0.9183\Discord.exe --type=crashpad-handler --user-data-dir=C:\Users\pajic\AppData\Roaming\discord /prefetch:4 --no-rate-limit --monitor-self-annotation=ptype=crashpad-handler --database=C:\Users\pajic\AppData\Roaming\discord\Crashpad --url=https://f.a.k/e --annotation=_productName=discord --annotation=_version=1.0.9183 --annotation=plat=Win64 --annotation=prod=Electron --annotation=ver=33.4.0 --initial-client-data=0x55c,0x560,0x564,0x550,0x568,0x7ff6725f4bfc,0x7ff6725f4c08,0x7ff6725f4c18
2025-02-24 20:26:52,640 [INFO] Checking process PID 15172: C:\Users\pajic\AppData\Local\Programs\Opera GX\opera.exe --type=renderer --start-stack-profiler --with-feature:address-bar-dropdown-autocompleted-domains=off --with-feature:address-bar-dropdown-unfiltered-full=off --with-feature:amazon-new-ids=on --with-feature:cashback-assistant=off --with-feature:continue-on-booking=on --with-feature:continue-on-shopping-via-amp=off --with-feature:continue-shopping=on --with-feature:continue-shopping-2=on --with-feature:continue-shopping-5=on --with-feature:continue-shopping-explore=off --with-feature:continue-shopping-structured-partners=on --with-feature:feature-remote-disable-updates-testing-flag=off --with-feature:feature-remote-updates-testing-flag=on --with-feature:game-servers=off --with-feature:gx-post-mortem=on --with-feature:gx-reactinator=on --with-feature:gx-spotlight=on --with-feature:gx-video-to-phone=on --with-feature:lucid-mode-hide-text=on --with-feature:new-news-backend=on --with-feature:new-personal-news-backend=on --with-feature:panic-button=on --with-feature:password-generator=off --with-feature:play-again=on --with-feature:realtime-impressions-reporting=on --with-feature:run-at-startup-default=on --with-feature:sd-suggestions-external=on --with-feature:session-restore-attribution=on --with-feature:side-profiles=on --with-feature:sitecheck-age=on --with-feature:tiktok-panel=on --with-feature:ui-compositor-multithreaded=on --with-feature:installer-experiment-test=off --ab_tests=GXCTest10-ref:DNA-99214_GXCTest10 --disable-gpu-compositing --video-capture-use-gpu-memory-buffer --lang=en-US --device-scale-factor=1 --num-raster-threads=2 --enable-main-frame-before-activation --renderer-client-id=53 --time-ticks-at-unix-epoch=-1740423145203243 --launch-time-ticks=1115909231 --field-trial-handle=5864,i,286716981099067088,18036163569385769869,262144 --disable-features=CertificateTransparencyAskBeforeEnabling,PlatformSoftwareH264EncoderInGpu --variations-seed-version --mojo-platform-channel-handle=5812 /prefetch:1
2025-02-24 20:26:52,642 [INFO] Checking process PID 15316: C:\Users\pajic\AppData\Local\Discord\app-1.0.9183\Discord.exe --type=gpu-process --user-data-dir=C:\Users\pajic\AppData\Roaming\discord --gpu-preferences=UAAAAAAAAADgAAAEAAAAAAAAAAAAAAAAAABgAAEAAAAAAAAAAAAAAAAAAAACAAAAAAAAAAAAAAAAAAAAAAAAABAAAAAAAAAAEAAAAAAAAAAIAAAAAAAAAAgAAAAAAAAA --field-trial-handle=2204,i,10951739047815404222,14100511552463003337,262144 --disable-features=AllowAggressiveThrottlingWithWebSocket,AllowAggressiveThrottlingWithWebSocketWinRetrieveSuggestionsOnlyOnDemand,HardwareMediaKeyHandling,IntensiveWakeUpThrottling,MediaSessionService,SpareRendererForSitePerProcess,UseEcoQoSForBackgroundProcess,WidgetLayering,WinDelaySpellcheckServiceInit,WinRetrieveSuggestionsOnlyOnDemand --variations-seed-version --mojo-platform-channel-handle=2192 /prefetch:2
2025-02-24 20:26:52,642 [INFO] Checking process PID 15356: C:\Users\pajic\AppData\Local\Discord\app-1.0.9183\Discord.exe --type=utility --utility-sub-type=network.mojom.NetworkService --lang=en-US --service-sandbox-type=none --user-data-dir=C:\Users\pajic\AppData\Roaming\discord --secure-schemes=disclip,sentry-ipc --bypasscsp-schemes=sentry-ipc --cors-schemes=sentry-ipc --fetch-schemes=disclip,sentry-ipc --field-trial-handle=2644,i,10951739047815404222,14100511552463003337,262144 --disable-features=AllowAggressiveThrottlingWithWebSocket,AllowAggressiveThrottlingWithWebSocketWinRetrieveSuggestionsOnlyOnDemand,HardwareMediaKeyHandling,IntensiveWakeUpThrottling,MediaSessionService,SpareRendererForSitePerProcess,UseEcoQoSForBackgroundProcess,WidgetLayering,WinDelaySpellcheckServiceInit,WinRetrieveSuggestionsOnlyOnDemand --variations-seed-version --mojo-platform-channel-handle=2640 /prefetch:3
2025-02-24 20:26:52,651 [INFO] Checking process PID 15420: C:\Users\pajic\AppData\Local\Discord\app-1.0.9183\Discord.exe --type=renderer --user-data-dir=C:\Users\pajic\AppData\Roaming\discord --secure-schemes=disclip,sentry-ipc --bypasscsp-schemes=sentry-ipc --cors-schemes=sentry-ipc --fetch-schemes=disclip,sentry-ipc --app-user-model-id=com.squirrel.Discord.Discord --app-path=C:\Users\pajic\AppData\Local\Discord\app-1.0.9183\resources\_app.asar --no-sandbox --no-zygote --enable-blink-features=EnumerateDevices,AudioOutputDevices --autoplay-policy=no-user-gesture-required --disable-background-timer-throttling --video-capture-use-gpu-memory-buffer --lang=en-US --device-scale-factor=1 --num-raster-threads=2 --enable-main-frame-before-activation --renderer-client-id=6 --time-ticks-at-unix-epoch=-1740423145203176 --launch-time-ticks=70072222 --field-trial-handle=4052,i,10951739047815404222,14100511552463003337,262144 --disable-features=AllowAggressiveThrottlingWithWebSocket,AllowAggressiveThrottlingWithWebSocketWinRetrieveSuggestionsOnlyOnDemand,HardwareMediaKeyHandling,IntensiveWakeUpThrottling,MediaSessionService,SpareRendererForSitePerProcess,UseEcoQoSForBackgroundProcess,WidgetLayering,WinDelaySpellcheckServiceInit,WinRetrieveSuggestionsOnlyOnDemand --variations-seed-version --mojo-platform-channel-handle=4072 --enable-node-leakage-in-renderers /prefetch:1
2025-02-24 20:26:52,652 [INFO] Checking process PID 15568: C:\Program Files (x86)\Steam\bin\cef\cef.win7x64\steamwebhelper.exe --type=crashpad-handler /prefetch:4 --max-uploads=5 --max-db-size=20 --max-db-age=5 --monitor-self-annotation=ptype=crashpad-handler --database=C:\Program Files (x86)\Steam\dumps --metrics-dir=C:\Users\pajic\AppData\Local\CEF\User Data --url=https://crash.steampowered.com/submit --annotation=platform=win64 --annotation=product=cefwebhelper --annotation=version=1738026274 --initial-client-data=0x2b8,0x2bc,0x2c0,0x2b4,0x2c4,0x7ffafb52af00,0x7ffafb52af0c,0x7ffafb52af18
2025-02-24 20:26:52,661 [INFO] Checking process PID 15760: C:\Users\pajic\AppData\Roaming\Spotify\Spotify.exe --type=utility --utility-sub-type=audio.mojom.AudioService --lang=en-US --service-sandbox-type=audio --video-capture-use-gpu-memory-buffer --string-annotations=is-enterprise-managed=yes --user-data-dir=C:\Users\pajic\AppData\Local\Spotify --log-severity=disable --user-agent-product=Chrome/131.0.6778.109 Spotify/1.2.57.463 --field-trial-handle=6956,i,971949478845103247,9643371070948757693,262144 --disable-features=BackForwardCache,PartitionAllocDanglingPtr,PartitionAllocUnretainedDanglingPtr --variations-seed-version --enable-logging=handle --log-file=6856 --mojo-platform-channel-handle=7820 /prefetch:8
2025-02-24 20:26:52,662 [INFO] Checking process PID 15808: C:\Program Files (x86)\Steam\bin\cef\cef.win7x64\steamwebhelper.exe --type=gpu-process --user-agent-product=Valve Steam Client --lang=en-001 --user-data-dir=C:\Users\pajic\AppData\Local\Steam\htmlcache --buildid=1738026274 --steamid=0 --gpu-preferences=WAAAAAAAAADgAAAMAAAAAAAAAAAAAAAAAABgAAEAAAA4AAAAAAAAAAAAAAAEAAAAAAAAAAAAAAAAAAAAAAAAAAAAAAAAAAAAGAAAAAAAAAAYAAAAAAAAAAgAAAAAAAAACAAAAAAAAAAIAAAAAAAAAA== --field-trial-handle=1632,i,14148986855062707980,9458548988548929348,262144 --enable-features=PlatformHEVCDecoderSupport --disable-features=BackForwardCache,DcheckIsFatal,DocumentPictureInPictureAPI,SpareRendererForSitePerProcess,ValveFFmpegAllowLowDelayHEVC --variations-seed-version --enable-logging=handle --log-file=1636 --mojo-platform-channel-handle=1624 /prefetch:2
2025-02-24 20:26:52,663 [INFO] Checking process PID 15928: C:\Program Files (x86)\Steam\bin\cef\cef.win7x64\steamwebhelper.exe --type=renderer --user-agent-product=Valve Steam Client --user-data-dir=C:\Users\pajic\AppData\Local\Steam\htmlcache --buildid=1738026274 --steamid=0 --remote-debugging-port=8080 --lang=en-GB --device-scale-factor=1 --num-raster-threads=2 --enable-main-frame-before-activation --renderer-client-id=5 --time-ticks-at-unix-epoch=-1740423145202742 --launch-time-ticks=76776001 --field-trial-handle=3464,i,14148986855062707980,9458548988548929348,262144 --enable-features=PlatformHEVCDecoderSupport --disable-features=BackForwardCache,DcheckIsFatal,DocumentPictureInPictureAPI,SpareRendererForSitePerProcess,ValveFFmpegAllowLowDelayHEVC --variations-seed-version --enable-logging=handle --log-file=3468 --mojo-platform-channel-handle=3440 /prefetch:1
2025-02-24 20:26:52,664 [INFO] Checking process PID 16048: C:\Users\pajic\AppData\Local\Programs\Opera GX\opera.exe --type=utility --utility-sub-type=audio.mojom.AudioService --lang=en-US --service-sandbox-type=audio --enable-quic --with-feature:address-bar-dropdown-autocompleted-domains=off --with-feature:address-bar-dropdown-unfiltered-full=off --with-feature:amazon-new-ids=on --with-feature:cashback-assistant=off --with-feature:continue-on-booking=on --with-feature:continue-on-shopping-via-amp=off --with-feature:continue-shopping=on --with-feature:continue-shopping-2=on --with-feature:continue-shopping-5=on --with-feature:continue-shopping-explore=off --with-feature:continue-shopping-structured-partners=on --with-feature:feature-remote-disable-updates-testing-flag=off --with-feature:feature-remote-updates-testing-flag=on --with-feature:game-servers=off --with-feature:gx-post-mortem=on --with-feature:gx-reactinator=on --with-feature:gx-spotlight=on --with-feature:gx-video-to-phone=on --with-feature:lucid-mode-hide-text=on --with-feature:new-news-backend=on --with-feature:new-personal-news-backend=on --with-feature:panic-button=on --with-feature:password-generator=off --with-feature:play-again=on --with-feature:realtime-impressions-reporting=on --with-feature:run-at-startup-default=on --with-feature:sd-suggestions-external=on --with-feature:session-restore-attribution=on --with-feature:side-profiles=on --with-feature:sitecheck-age=on --with-feature:tiktok-panel=on --with-feature:ui-compositor-multithreaded=on --with-feature:installer-experiment-test=off --ab_tests=GXCTest10-ref:DNA-99214_GXCTest10 --field-trial-handle=6008,i,286716981099067088,18036163569385769869,262144 --disable-features=CertificateTransparencyAskBeforeEnabling,PlatformSoftwareH264EncoderInGpu --variations-seed-version --mojo-platform-channel-handle=6188 /prefetch:8
2025-02-24 20:26:52,666 [INFO] Checking process PID 16088: C:\Program Files (x86)\Steam\bin\cef\cef.win7x64\steamwebhelper.exe --type=utility --utility-sub-type=network.mojom.NetworkService --lang=en-GB --service-sandbox-type=none --user-agent-product=Valve Steam Client --lang=en-001 --user-data-dir=C:\Users\pajic\AppData\Local\Steam\htmlcache --buildid=1738026274 --steamid=0 --field-trial-handle=2356,i,14148986855062707980,9458548988548929348,262144 --enable-features=PlatformHEVCDecoderSupport --disable-features=BackForwardCache,DcheckIsFatal,DocumentPictureInPictureAPI,SpareRendererForSitePerProcess,ValveFFmpegAllowLowDelayHEVC --variations-seed-version --enable-logging=handle --log-file=2360 --mojo-platform-channel-handle=2352 /prefetch:3
2025-02-24 20:26:52,668 [INFO] Checking process PID 16164: E:\Microsoft VS Code\Code.exe c:\Users\pajic\.vscode\extensions\ms-python.vscode-pylance-2025.2.1\dist\server.bundle.js --cancellationReceive=file:87aa4b77cc8e36c0eff5b002fa61731cbc9f640d86 --node-ipc --clientProcessId=17128
2025-02-24 20:26:52,669 [INFO] Checking process PID 16216: C:\Users\pajic\AppData\Local\Discord\app-1.0.9183\Discord.exe --type=utility --utility-sub-type=audio.mojom.AudioService --lang=en-US --service-sandbox-type=audio --video-capture-use-gpu-memory-buffer --user-data-dir=C:\Users\pajic\AppData\Roaming\discord --secure-schemes=disclip,sentry-ipc --bypasscsp-schemes=sentry-ipc --cors-schemes=sentry-ipc --fetch-schemes=disclip,sentry-ipc --field-trial-handle=3964,i,10951739047815404222,14100511552463003337,262144 --disable-features=AllowAggressiveThrottlingWithWebSocket,AllowAggressiveThrottlingWithWebSocketWinRetrieveSuggestionsOnlyOnDemand,HardwareMediaKeyHandling,IntensiveWakeUpThrottling,MediaSessionService,SpareRendererForSitePerProcess,UseEcoQoSForBackgroundProcess,WidgetLayering,WinDelaySpellcheckServiceInit,WinRetrieveSuggestionsOnlyOnDemand --variations-seed-version --mojo-platform-channel-handle=3976 /prefetch:8
2025-02-24 20:26:52,670 [INFO] Checking process PID 16240: C:\Users\pajic\AppData\Local\Programs\Opera GX\opera.exe --type=utility --utility-sub-type=storage.mojom.StorageService --lang=en-US --service-sandbox-type=service --enable-quic --with-feature:address-bar-dropdown-autocompleted-domains=off --with-feature:address-bar-dropdown-unfiltered-full=off --with-feature:amazon-new-ids=on --with-feature:cashback-assistant=off --with-feature:continue-on-booking=on --with-feature:continue-on-shopping-via-amp=off --with-feature:continue-shopping=on --with-feature:continue-shopping-2=on --with-feature:continue-shopping-5=on --with-feature:continue-shopping-explore=off --with-feature:continue-shopping-structured-partners=on --with-feature:feature-remote-disable-updates-testing-flag=off --with-feature:feature-remote-updates-testing-flag=on --with-feature:game-servers=off --with-feature:gx-post-mortem=on --with-feature:gx-reactinator=on --with-feature:gx-spotlight=on --with-feature:gx-video-to-phone=on --with-feature:lucid-mode-hide-text=on --with-feature:new-news-backend=on --with-feature:new-personal-news-backend=on --with-feature:panic-button=on --with-feature:password-generator=off --with-feature:play-again=on --with-feature:realtime-impressions-reporting=on --with-feature:run-at-startup-default=on --with-feature:sd-suggestions-external=on --with-feature:session-restore-attribution=on --with-feature:side-profiles=on --with-feature:sitecheck-age=on --with-feature:tiktok-panel=on --with-feature:ui-compositor-multithreaded=on --with-feature:installer-experiment-test=off --ab_tests=GXCTest10-ref:DNA-99214_GXCTest10 --field-trial-handle=2388,i,286716981099067088,18036163569385769869,262144 --disable-features=CertificateTransparencyAskBeforeEnabling,PlatformSoftwareH264EncoderInGpu --variations-seed-version --mojo-platform-channel-handle=2456 /prefetch:8
2025-02-24 20:26:52,671 [INFO] Checking process PID 16244: C:\Users\pajic\AppData\Local\Programs\Opera GX\opera.exe --type=renderer --extension-process --with-feature:address-bar-dropdown-autocompleted-domains=off --with-feature:address-bar-dropdown-unfiltered-full=off --with-feature:amazon-new-ids=on --with-feature:cashback-assistant=off --with-feature:continue-on-booking=on --with-feature:continue-on-shopping-via-amp=off --with-feature:continue-shopping=on --with-feature:continue-shopping-2=on --with-feature:continue-shopping-5=on --with-feature:continue-shopping-explore=off --with-feature:continue-shopping-structured-partners=on --with-feature:feature-remote-disable-updates-testing-flag=off --with-feature:feature-remote-updates-testing-flag=on --with-feature:game-servers=off --with-feature:gx-post-mortem=on --with-feature:gx-reactinator=on --with-feature:gx-spotlight=on --with-feature:gx-video-to-phone=on --with-feature:lucid-mode-hide-text=on --with-feature:new-news-backend=on --with-feature:new-personal-news-backend=on --with-feature:panic-button=on --with-feature:password-generator=off --with-feature:play-again=on --with-feature:realtime-impressions-reporting=on --with-feature:run-at-startup-default=on --with-feature:sd-suggestions-external=on --with-feature:session-restore-attribution=on --with-feature:side-profiles=on --with-feature:sitecheck-age=on --with-feature:tiktok-panel=on --with-feature:ui-compositor-multithreaded=on --with-feature:installer-experiment-test=off --ab_tests=GXCTest10-ref:DNA-99214_GXCTest10 --disable-gpu-compositing --video-capture-use-gpu-memory-buffer --lang=en-US --device-scale-factor=1 --num-raster-threads=2 --enable-main-frame-before-activation --renderer-client-id=7 --time-ticks-at-unix-epoch=-1740423145203243 --launch-time-ticks=109684977 --field-trial-handle=6600,i,286716981099067088,18036163569385769869,262144 --disable-features=CertificateTransparencyAskBeforeEnabling,PlatformSoftwareH264EncoderInGpu --variations-seed-version --mojo-platform-channel-handle=6616 /prefetch:2
2025-02-24 20:26:52,673 [INFO] Checking process PID 16276: C:\WINDOWS\splwow64.exe 8192
2025-02-24 20:26:52,673 [INFO] Checking process PID 16288: C:\Users\pajic\AppData\Local\Programs\Opera GX\opera.exe --type=renderer --with-feature:address-bar-dropdown-autocompleted-domains=off --with-feature:address-bar-dropdown-unfiltered-full=off --with-feature:amazon-new-ids=on --with-feature:cashback-assistant=off --with-feature:continue-on-booking=on --with-feature:continue-on-shopping-via-amp=off --with-feature:continue-shopping=on --with-feature:continue-shopping-2=on --with-feature:continue-shopping-5=on --with-feature:continue-shopping-explore=off --with-feature:continue-shopping-structured-partners=on --with-feature:feature-remote-disable-updates-testing-flag=off --with-feature:feature-remote-updates-testing-flag=on --with-feature:game-servers=off --with-feature:gx-post-mortem=on --with-feature:gx-reactinator=on --with-feature:gx-spotlight=on --with-feature:gx-video-to-phone=on --with-feature:lucid-mode-hide-text=on --with-feature:new-news-backend=on --with-feature:new-personal-news-backend=on --with-feature:panic-button=on --with-feature:password-generator=off --with-feature:play-again=on --with-feature:realtime-impressions-reporting=on --with-feature:run-at-startup-default=on --with-feature:sd-suggestions-external=on --with-feature:session-restore-attribution=on --with-feature:side-profiles=on --with-feature:sitecheck-age=on --with-feature:tiktok-panel=on --with-feature:ui-compositor-multithreaded=on --with-feature:installer-experiment-test=off --ab_tests=GXCTest10-ref:DNA-99214_GXCTest10 --disable-gpu-compositing --video-capture-use-gpu-memory-buffer --lang=en-US --device-scale-factor=1 --num-raster-threads=2 --enable-main-frame-before-activation --renderer-client-id=19 --time-ticks-at-unix-epoch=-1740423145203243 --launch-time-ticks=109725823 --field-trial-handle=6904,i,286716981099067088,18036163569385769869,262144 --disable-features=CertificateTransparencyAskBeforeEnabling,PlatformSoftwareH264EncoderInGpu --variations-seed-version --mojo-platform-channel-handle=6712 /prefetch:1
2025-02-24 20:26:52,675 [INFO] Checking process PID 16340: C:\Users\pajic\AppData\Local\Programs\Opera GX\opera.exe --type=utility --utility-sub-type=video_capture.mojom.VideoCaptureService --lang=en-US --service-sandbox-type=none --enable-quic --with-feature:address-bar-dropdown-autocompleted-domains=off --with-feature:address-bar-dropdown-unfiltered-full=off --with-feature:amazon-new-ids=on --with-feature:cashback-assistant=off --with-feature:continue-on-booking=on --with-feature:continue-on-shopping-via-amp=off --with-feature:continue-shopping=on --with-feature:continue-shopping-2=on --with-feature:continue-shopping-5=on --with-feature:continue-shopping-explore=off --with-feature:continue-shopping-structured-partners=on --with-feature:feature-remote-disable-updates-testing-flag=off --with-feature:feature-remote-updates-testing-flag=on --with-feature:game-servers=off --with-feature:gx-post-mortem=on --with-feature:gx-reactinator=on --with-feature:gx-spotlight=on --with-feature:gx-video-to-phone=on --with-feature:lucid-mode-hide-text=on --with-feature:new-news-backend=on --with-feature:new-personal-news-backend=on --with-feature:panic-button=on --with-feature:password-generator=off --with-feature:play-again=on --with-feature:realtime-impressions-reporting=on --with-feature:run-at-startup-default=on --with-feature:sd-suggestions-external=on --with-feature:session-restore-attribution=on --with-feature:side-profiles=on --with-feature:sitecheck-age=on --with-feature:tiktok-panel=on --with-feature:ui-compositor-multithreaded=on --with-feature:installer-experiment-test=off --ab_tests=GXCTest10-ref:DNA-99214_GXCTest10 --field-trial-handle=6700,i,286716981099067088,18036163569385769869,262144 --disable-features=CertificateTransparencyAskBeforeEnabling,PlatformSoftwareH264EncoderInGpu --variations-seed-version --mojo-platform-channel-handle=6892 /prefetch:8
2025-02-24 20:26:52,676 [INFO] Checking process PID 16444: C:\Users\pajic\AppData\Local\Programs\Opera GX\opera.exe --type=renderer --with-feature:address-bar-dropdown-autocompleted-domains=off --with-feature:address-bar-dropdown-unfiltered-full=off --with-feature:amazon-new-ids=on --with-feature:cashback-assistant=off --with-feature:continue-on-booking=on --with-feature:continue-on-shopping-via-amp=off --with-feature:continue-shopping=on --with-feature:continue-shopping-2=on --with-feature:continue-shopping-5=on --with-feature:continue-shopping-explore=off --with-feature:continue-shopping-structured-partners=on --with-feature:feature-remote-disable-updates-testing-flag=off --with-feature:feature-remote-updates-testing-flag=on --with-feature:game-servers=off --with-feature:gx-post-mortem=on --with-feature:gx-reactinator=on --with-feature:gx-spotlight=on --with-feature:gx-video-to-phone=on --with-feature:lucid-mode-hide-text=on --with-feature:new-news-backend=on --with-feature:new-personal-news-backend=on --with-feature:panic-button=on --with-feature:password-generator=off --with-feature:play-again=on --with-feature:realtime-impressions-reporting=on --with-feature:run-at-startup-default=on --with-feature:sd-suggestions-external=on --with-feature:session-restore-attribution=on --with-feature:side-profiles=on --with-feature:sitecheck-age=on --with-feature:tiktok-panel=on --with-feature:ui-compositor-multithreaded=on --with-feature:installer-experiment-test=off --ab_tests=GXCTest10-ref:DNA-99214_GXCTest10 --disable-gpu-compositing --video-capture-use-gpu-memory-buffer --lang=en-US --device-scale-factor=1 --num-raster-threads=2 --enable-main-frame-before-activation --renderer-client-id=52 --time-ticks-at-unix-epoch=-1740423145203243 --launch-time-ticks=1113473685 --field-trial-handle=13904,i,286716981099067088,18036163569385769869,262144 --disable-features=CertificateTransparencyAskBeforeEnabling,PlatformSoftwareH264EncoderInGpu --variations-seed-version --mojo-platform-channel-handle=11068 /prefetch:1
2025-02-24 20:26:52,678 [INFO] Checking process PID 16464: C:\WINDOWS\system32\svchost.exe -k UnistackSvcGroup
2025-02-24 20:26:52,679 [INFO] Checking process PID 16536: C:\Users\pajic\AppData\Local\Programs\Python\Python311\python.exe e:/Git Repos/Main Bot Files/bot.py
2025-02-24 20:26:52,680 [INFO] Stopping bot process (PID: 16536)...
2025-02-24 20:26:52,697 [INFO] Process 16536 terminated successfully.
2025-02-24 20:26:53,699 [INFO] Renaming log file to: logs\log_2025-02-24_20-26-53.log
